================================================================================================
H406b  WEEKEND EXTREME-SCALE random-noise hardening of ALL train samples (Fashion-MNIST)
================================================================================================
condition: n = ALL 6000 train samples,  K = 4,000,000 noisy copies/sample
           effective presentations target = 24,000,000,000 (~24.000e9)
           total_steps (at batch 4096) = 5,859,375
noise:     (x + 0.1*(2*rand-1)).clamp(0,1), labeled true class  |  EPS=0.1 PGD_STEPS=10
config:    SmallCNN width=32, SGD(lr=0.05,mom=0.9,wd=5e-4), SEED=0, device=cuda
           gpu = NVIDIA GeForce RTX 4090
           BATCH_START=4096 BATCH_MIN=128  CKPT_EVERY_SEC=300.0

BASELINE reference (n=0, no augmentation):
   clean_acc=0.8785  FGSM_ASR=0.9294  PGD_ASR=1.0000  vuln_PGD=1.0000
   vulnerable test subset = lowest 25% margin (500 samples)

PROGRESS SNAPSHOTS (each = a periodic eval during the long run):
   global_step      pct   batch  clean_acc   FGSM_ASR    PGD_ASR   vuln_PGD   elapsed_s
---------------------------------------------------------------------------------------
         4,399    0.08%    4096     0.8680     0.8479     0.9977     1.0000       354.8
         8,773    0.15%    4096     0.8715     0.8308     0.9954     1.0000       654.8
        13,156    0.22%    4096     0.8535     0.8266     0.9941     1.0000       954.8
        17,568    0.30%    4096     0.8675     0.8323     0.9948     1.0000      1254.8
        21,982    0.38%    4096     0.8645     0.8606     0.9994     1.0000      1554.8
        26,396    0.45%    4096     0.8470     0.8571     0.9575     1.0000      1854.9
        30,811    0.53%    4096     0.8370     0.8895     0.9940     1.0000      2155.0
        35,225    0.60%    4096     0.8420     0.7013     0.9501     1.0000      2455.0
        39,602    0.68%    4096     0.8495     0.6722     0.9464     1.0000      2755.0
        43,980    0.75%    4096     0.8295     0.6745     0.9783     1.0000      3055.1
        48,355    0.83%    4096     0.7850     0.5777     0.9274     1.0000      3355.1
        52,741    0.90%    4096     0.8375     0.6716     0.9594     1.0000      3655.1
        57,155    0.98%    4096     0.8225     0.6809     0.9264     0.9922      3955.1
        58,593    1.00%    4096     0.7190     0.6363     0.8185     0.8249      4053.0
        63,008    1.08%    4096     0.8090     0.6619     0.9388     1.0000      4353.0
        67,422    1.15%    4096     0.8210     0.6724     0.9269     1.0000      4653.0
        71,837    1.23%    4096     0.8180     0.6100     0.9450     1.0000      4953.1
        76,253    1.30%    4096     0.8165     0.7055     0.9608     1.0000      5253.1
        80,668    1.38%    4096     0.8145     0.6882     0.9184     1.0000      5553.2
        85,082    1.45%    4096     0.8190     0.6917     0.9432     1.0000      5853.2
        89,497    1.53%    4096     0.8320     0.6917     0.9285     1.0000      6153.2
        93,912    1.60%    4096     0.8340     0.6906     0.9167     1.0000      6453.3
        98,326    1.68%    4096     0.7930     0.6375     0.9615     0.9954      6753.3
       102,741    1.75%    4096     0.8085     0.6623     0.9685     1.0000      7053.3
       107,155    1.83%    4096     0.8145     0.6575     0.9527     1.0000      7353.3
       111,570    1.90%    4096     0.7965     0.6491     0.9391     0.9953      7653.3
       115,985    1.98%    4096     0.8105     0.8427     0.9500     0.9919      7953.4
       117,186    2.00%    4096     0.8200     0.7945     0.9457     0.9918      8035.1
       121,600    2.08%    4096     0.8280     0.7923     0.9879     0.9960      8335.1
       126,015    2.15%    4096     0.8235     0.7699     0.9830     1.0000      8635.1
       130,420    2.23%    4096     0.8225     0.7459     0.9848     1.0000      8935.2
       134,832    2.30%    4096     0.8235     0.7942     0.9842     1.0000      9235.2
       139,247    2.38%    4096     0.8160     0.7788     0.9871     1.0000      9535.3
       143,661    2.45%    4096     0.8200     0.7768     0.9817     1.0000      9835.3
       148,075    2.53%    4096     0.8180     0.7812     0.9872     1.0000     10135.3
       152,490    2.60%    4096     0.8230     0.7576     0.9824     1.0000     10435.3
       156,905    2.68%    4096     0.8255     0.7638     0.9770     1.0000     10735.4
       161,319    2.75%    4096     0.8195     0.7389     0.9616     1.0000     11035.4
       165,734    2.83%    4096     0.8205     0.7660     0.9634     1.0000     11335.4
       170,149    2.90%    4096     0.8055     0.7995     0.9764     1.0000     11635.5
       174,563    2.98%    4096     0.8190     0.7839     0.9689     1.0000     11935.5
       175,779    3.00%    4096     0.7965     0.7483     0.9648     0.9954     12018.4
       180,194    3.08%    4096     0.8075     0.7622     0.9690     1.0000     12318.4
       184,609    3.15%    4096     0.8245     0.7677     0.9618     1.0000     12618.5
       189,024    3.23%    4096     0.8250     0.7582     0.9648     1.0000     12918.5
       193,438    3.30%    4096     0.8265     0.7731     0.9619     1.0000     13218.5
       197,853    3.38%    4096     0.8215     0.7778     0.9647     1.0000     13518.6
       202,267    3.45%    4096     0.8090     0.7676     0.9592     1.0000     13818.6
       206,681    3.53%    4096     0.8300     0.7723     0.9855     1.0000     14118.6
       211,096    3.60%    4096     0.8370     0.7694     0.9839     1.0000     14418.7
       215,510    3.68%    4096     0.8345     0.7771     0.9916     1.0000     14718.7
       219,925    3.75%    4096     0.8300     0.7627     0.9849     1.0000     15018.7
       224,340    3.83%    4096     0.8225     0.7672     0.9696     1.0000     15318.7
       228,754    3.90%    4096     0.8315     0.7547     0.9808     1.0000     15618.7
       233,168    3.98%    4096     0.8270     0.7618     0.9722     1.0000     15918.7
       234,372    4.00%    4096     0.8210     0.7753     0.9708     1.0000     16000.7
       238,786    4.08%    4096     0.8250     0.7909     0.9661     1.0000     16300.7
       243,200    4.15%    4096     0.8240     0.7725     0.9697     1.0000     16600.8
       247,615    4.23%    4096     0.8270     0.7793     0.9698     1.0000     16900.8
       252,029    4.30%    4096     0.8375     0.7534     0.9725     1.0000     17200.8
       256,443    4.38%    4096     0.8315     0.7733     0.9687     1.0000     17500.8
       260,857    4.45%    4096     0.8265     0.7695     0.9734     1.0000     17800.8
       265,272    4.53%    4096     0.8250     0.7515     0.9661     1.0000     18100.9
       269,686    4.60%    4096     0.8195     0.7541     0.9628     1.0000     18400.9
       274,101    4.68%    4096     0.8275     0.7353     0.9631     1.0000     18701.0
       278,516    4.75%    4096     0.8350     0.7317     0.9623     1.0000     19001.0
       282,930    4.83%    4096     0.8300     0.7699     0.9633     1.0000     19301.0
       287,344    4.90%    4096     0.8245     0.7520     0.9418     1.0000     19601.0
       291,758    4.98%    4096     0.8340     0.7422     0.9281     1.0000     19901.0
       292,965    5.00%    4096     0.8225     0.7362     0.9301     1.0000     19983.3
       297,379    5.08%    4096     0.8340     0.7458     0.9430     1.0000     20283.3
       301,793    5.15%    4096     0.8275     0.7474     0.9360     1.0000     20583.3
       306,208    5.23%    4096     0.8265     0.7399     0.9474     1.0000     20883.4
       310,622    5.30%    4096     0.8295     0.7613     0.9470     1.0000     21183.4
       315,036    5.38%    4096     0.8310     0.7485     0.9537     1.0000     21483.4
       319,450    5.45%    4096     0.8190     0.7527     0.9512     1.0000     21783.4
       323,864    5.53%    4096     0.8315     0.7517     0.9627     1.0000     22083.4
       328,279    5.60%    4096     0.8240     0.7549     0.9527     1.0000     22383.5
       332,694    5.68%    4096     0.8205     0.7678     0.9555     1.0000     22683.5
       337,108    5.75%    4096     0.8185     0.7520     0.9524     1.0000     22983.6
       341,523    5.83%    4096     0.8185     0.7599     0.9548     1.0000     23283.6
       345,937    5.90%    4096     0.8270     0.7563     0.9559     1.0000     23583.6
       350,351    5.98%    4096     0.8200     0.7598     0.9579     1.0000     23883.6
       351,558    6.00%    4096     0.8320     0.7716     0.9561     1.0000     23965.9
       355,973    6.08%    4096     0.8235     0.7614     0.9745     1.0000     24265.9
       360,387    6.15%    4096     0.8165     0.7281     0.9688     1.0000     24565.9
       364,802    6.23%    4096     0.8155     0.7517     0.9834     1.0000     24865.9
       369,216    6.30%    4096     0.8205     0.7599     0.9519     1.0000     25165.9
       373,630    6.38%    4096     0.8165     0.7759     0.9626     1.0000     25465.9
       378,044    6.45%    4096     0.8165     0.7759     0.9847     1.0000     25766.0
       382,459    6.53%    4096     0.8090     0.7651     0.9833     1.0000     26066.0
       386,873    6.60%    4096     0.8180     0.7524     0.9682     1.0000     26366.0
       391,288    6.68%    4096     0.8160     0.7512     0.9810     1.0000     26666.1
       395,703    6.75%    4096     0.8175     0.7749     0.9835     1.0000     26966.1
       400,118    6.83%    4096     0.8175     0.7627     0.9761     1.0000     27266.1
       404,533    6.90%    4096     0.8220     0.7536     0.9714     1.0000     27566.1
       408,946    6.98%    4096     0.8160     0.7647     0.9700     1.0000     27866.2
       410,151    7.00%    4096     0.8175     0.7780     0.9700     1.0000     27948.3
       414,566    7.08%    4096     0.8220     0.7494     0.9623     1.0000     28248.3
       418,981    7.15%    4096     0.8075     0.7740     0.9697     1.0000     28548.4
       423,396    7.23%    4096     0.8210     0.7430     0.9629     1.0000     28848.4
       427,811    7.30%    4096     0.8195     0.7523     0.9634     1.0000     29148.5
       432,226    7.38%    4096     0.8225     0.7556     0.9690     1.0000     29448.5
       436,641    7.45%    4096     0.8200     0.7598     0.9646     1.0000     29748.6
       441,056    7.53%    4096     0.8130     0.7817     0.9797     1.0000     30048.6
       445,471    7.60%    4096     0.8200     0.7500     0.9762     0.9958     30348.6
       449,886    7.68%    4096     0.8205     0.7690     0.9805     0.9958     30648.7
       454,301    7.75%    4096     0.8150     0.7663     0.9810     1.0000     30948.7
       458,717    7.83%    4096     0.8180     0.7769     0.9853     1.0000     31248.8
       463,132    7.90%    4096     0.8160     0.7714     0.9853     1.0000     31548.8
       467,546    7.98%    4096     0.8295     0.7366     0.9560     0.9841     31848.8
       468,744    8.00%    4096     0.8275     0.7462     0.9480     0.9881     31930.4
       473,159    8.08%    4096     0.8255     0.7650     0.9624     0.9921     32230.5
       477,575    8.15%    4096     0.8270     0.7594     0.9607     0.9918     32530.5
       481,989    8.23%    4096     0.8220     0.7476     0.9568     0.9960     32830.5
       486,404    8.30%    4096     0.8135     0.7246     0.9631     0.9875     33130.6
       490,819    8.38%    4096     0.8230     0.7406     0.9623     0.9958     33430.6
       495,234    8.45%    4096     0.8285     0.7320     0.9572     1.0000     33730.6
       499,649    8.53%    4096     0.8260     0.7228     0.9437     1.0000     34030.6
       504,064    8.60%    4096     0.8310     0.7292     0.9549     0.9960     34330.7
       508,479    8.68%    4096     0.8335     0.7415     0.9586     0.9960     34630.7
       512,894    8.75%    4096     0.8340     0.7134     0.9490     1.0000     34930.8
       517,309    8.83%    4096     0.8310     0.7202     0.9615     1.0000     35230.8
       521,724    8.90%    4096     0.8385     0.7257     0.9559     1.0000     35530.9
       526,139    8.98%    4096     0.8270     0.7352     0.9589     1.0000     35830.9
       527,337    9.00%    4096     0.8355     0.7379     0.9659     1.0000     35912.5
       531,752    9.08%    4096     0.8365     0.7519     0.9695     1.0000     36212.5
       536,167    9.15%    4096     0.8325     0.7483     0.9730     1.0000     36512.5
       540,581    9.23%    4096     0.8385     0.7442     0.9684     1.0000     36812.6
       544,996    9.30%    4096     0.8340     0.7332     0.9628     1.0000     37112.6
       549,410    9.38%    4096     0.8345     0.7388     0.9718     1.0000     37412.6
       553,825    9.45%    4096     0.8310     0.7449     0.9627     0.9960     37712.7
       558,240    9.53%    4096     0.8330     0.7479     0.9688     1.0000     38012.7
       562,655    9.60%    4096     0.8370     0.7354     0.9522     1.0000     38312.7
       567,070    9.68%    4096     0.8295     0.7300     0.9675     1.0000     38612.7
       571,485    9.75%    4096     0.8235     0.7675     0.9684     0.9960     38912.8
       575,900    9.83%    4096     0.8310     0.7449     0.9645     1.0000     39212.8
       580,315    9.90%    4096     0.8280     0.7397     0.9626     1.0000     39512.9
       584,730    9.98%    4096     0.8290     0.7394     0.9662     1.0000     39812.9
       585,930   10.00%    4096     0.8285     0.7586     0.9765     1.0000     39894.6
       590,345   10.08%    4096     0.8310     0.7407     0.9657     1.0000     40194.7
       594,760   10.15%    4096     0.8255     0.7583     0.9740     1.0000     40494.7
       599,175   10.23%    4096     0.8330     0.7461     0.9706     1.0000     40794.7
       603,590   10.30%    4096     0.8300     0.7440     0.9663     1.0000     41094.8
       608,005   10.38%    4096     0.8265     0.7653     0.9788     1.0000     41394.8
       612,420   10.45%    4096     0.8335     0.7522     0.9748     1.0000     41694.8
       616,834   10.53%    4096     0.8345     0.7537     0.9760     1.0000     41994.8
       621,249   10.60%    4096     0.8250     0.7618     0.9703     1.0000     42294.9
       625,663   10.68%    4096     0.8325     0.7592     0.9772     1.0000     42594.9
       630,078   10.75%    4096     0.8290     0.7425     0.9692     1.0000     42894.9
       634,493   10.83%    4096     0.8270     0.7412     0.9704     1.0000     43195.0
       638,908   10.90%    4096     0.8270     0.7479     0.9486     0.9919     43495.0
       643,323   10.98%    4096     0.8285     0.7260     0.9342     0.9922     43795.0
       644,523   11.00%    4096     0.8210     0.7308     0.9275     0.9921     43876.8
       648,938   11.08%    4096     0.8305     0.7508     0.9416     0.9922     44176.8
       653,352   11.15%    4096     0.8355     0.7433     0.9455     0.9924     44476.8
       657,768   11.23%    4096     0.8300     0.7386     0.9380     1.0000     44776.8
       662,182   11.30%    4096     0.8280     0.7391     0.9475     1.0000     45076.9
       666,597   11.38%    4096     0.8215     0.7389     0.9531     1.0000     45376.9
       671,012   11.45%    4096     0.8095     0.7233     0.9265     0.9839     45676.9
       675,427   11.53%    4096     0.8215     0.7103     0.9464     0.9918     45977.0
       679,842   11.60%    4096     0.8220     0.7238     0.9495     1.0000     46277.0
       684,257   11.68%    4096     0.8205     0.7422     0.9561     0.9919     46577.1
       688,671   11.75%    4096     0.8265     0.7326     0.9685     1.0000     46877.1
       693,086   11.83%    4096     0.8320     0.7392     0.9555     1.0000     47177.1
       697,501   11.90%    4096     0.8285     0.7284     0.9529     1.0000     47477.1
       701,916   11.98%    4096     0.8305     0.7297     0.9639     1.0000     47777.1
       703,116   12.00%    4096     0.8360     0.7333     0.9635     0.9960     47858.9
       707,531   12.08%    4096     0.8305     0.7502     0.9639     1.0000     48158.9
       711,946   12.15%    4096     0.8310     0.7461     0.9573     0.9960     48459.0
       716,361   12.23%    4096     0.8360     0.7685     0.9605     1.0000     48759.0
       720,776   12.30%    4096     0.8260     0.7542     0.9661     1.0000     49059.0
       725,191   12.38%    4096     0.8320     0.7819     0.9742     1.0000     49359.1
       729,606   12.45%    4096     0.8265     0.7762     0.9691     1.0000     49659.1
       734,020   12.53%    4096     0.8325     0.7820     0.9700     1.0000     49959.1
       738,435   12.60%    4096     0.8280     0.7814     0.9704     1.0000     50259.2
       742,850   12.68%    4096     0.8305     0.7827     0.9633     1.0000     50559.3
       747,265   12.75%    4096     0.8260     0.7669     0.9679     1.0000     50859.3
       751,680   12.83%    4096     0.8200     0.7378     0.9396     0.9842     51159.3
       756,095   12.90%    4096     0.8300     0.7699     0.9669     1.0000     51459.4
       760,510   12.98%    4096     0.7895     0.6795     0.9196     0.9683     51759.4
       761,709   13.00%    4096     0.8255     0.7710     0.9637     0.9960     51841.1
       766,124   13.08%    4096     0.8210     0.7686     0.9592     1.0000     52141.1
       770,539   13.15%    4096     0.8205     0.7922     0.9707     1.0000     52441.1
       774,954   13.23%    4096     0.8190     0.7747     0.9676     1.0000     52741.2
       779,368   13.30%    4096     0.8290     0.7768     0.9638     1.0000     53041.2
       783,783   13.38%    4096     0.8240     0.7579     0.9721     1.0000     53341.2
       788,198   13.45%    4096     0.8205     0.7660     0.9738     0.9958     53641.3
       792,613   13.53%    4096     0.8290     0.7823     0.9717     1.0000     53941.3
       797,028   13.60%    4096     0.8255     0.7826     0.9806     1.0000     54241.4
       801,443   13.68%    4096     0.8265     0.7979     0.9722     1.0000     54541.4
       805,858   13.75%    4096     0.8270     0.7872     0.9716     1.0000     54841.4
       810,273   13.83%    4096     0.8225     0.7763     0.9733     1.0000     55141.4
       814,687   13.90%    4096     0.8225     0.7884     0.9757     0.9959     55441.5
       819,103   13.98%    4096     0.8225     0.7854     0.9781     0.9958     55741.5
       820,302   14.00%    4096     0.8270     0.7914     0.9861     1.0000     55823.2
       824,717   14.08%    4096     0.7460     0.7031     0.9464     0.9636     56123.2
       829,131   14.15%    4096     0.8265     0.7756     0.9449     0.9804     56423.2
       833,546   14.23%    4096     0.8165     0.8065     0.9755     1.0000     56723.3
       837,961   14.30%    4096     0.8280     0.8013     0.9777     1.0000     57023.3
       842,376   14.38%    4096     0.8150     0.7969     0.9755     1.0000     57323.4
       846,791   14.45%    4096     0.8220     0.7676     0.9696     0.9961     57623.4
       851,206   14.53%    4096     0.8180     0.7836     0.9707     1.0000     57923.5
       855,621   14.60%    4096     0.8275     0.7897     0.9752     1.0000     58223.5
       860,036   14.68%    4096     0.8215     0.8046     0.9763     1.0000     58523.6
       864,451   14.75%    4096     0.8275     0.7583     0.8822     0.9878     58823.6
       868,866   14.83%    4096     0.8225     0.7319     0.8809     0.9920     59123.6
       873,281   14.90%    4096     0.8175     0.7217     0.8716     0.9796     59423.7
       877,696   14.98%    4096     0.8290     0.7449     0.8721     0.9852     59723.7
       878,895   15.00%    4096     0.8205     0.7331     0.8769     0.9881     59805.4
       883,310   15.08%    4096     0.8210     0.7320     0.8709     0.9917     60105.4
       887,725   15.15%    4096     0.8155     0.7265     0.8712     0.9920     60405.5
       892,140   15.23%    4096     0.8180     0.7476     0.8747     0.9845     60705.5
       896,554   15.30%    4096     0.8110     0.7121     0.8792     0.9958     61005.5
       900,969   15.38%    4096     0.8165     0.7520     0.8781     0.9962     61305.6
       905,384   15.45%    4096     0.8180     0.7311     0.8778     0.9918     61605.6
       909,798   15.53%    4096     0.8130     0.7485     0.8776     1.0000     61905.6
       914,212   15.60%    4096     0.8195     0.7401     0.8774     0.9879     62205.6
       918,627   15.68%    4096     0.8170     0.7613     0.8837     0.9916     62505.7
       923,042   15.75%    4096     0.8165     0.7624     0.8775     0.9882     62805.7
       927,457   15.83%    4096     0.8225     0.7629     0.8833     0.9880     63105.7
       931,871   15.90%    4096     0.8260     0.7657     0.8826     0.9882     63405.8
       936,286   15.98%    4096     0.8265     0.7568     0.8869     0.9920     63705.8
       937,488   16.00%    4096     0.8265     0.7695     0.8869     0.9961     63787.7
       941,902   16.08%    4096     0.8160     0.7806     0.8915     0.9959     64087.7
       946,317   16.15%    4096     0.8250     0.7594     0.8812     0.9922     64387.8
       950,732   16.23%    4096     0.8180     0.7586     0.8802     0.9920     64687.8
       955,147   16.30%    4096     0.8280     0.7699     0.8847     0.9922     64987.9
       959,562   16.38%    4096     0.8255     0.7595     0.8801     0.9921     65287.9
       963,976   16.45%    4096     0.8195     0.7645     0.8798     0.9840     65587.9
       968,391   16.53%    4096     0.8165     0.7612     0.8892     1.0000     65888.0
       972,806   16.60%    4096     0.8375     0.7540     0.8764     0.9925     66188.0
       977,221   16.68%    4096     0.8225     0.7574     0.8729     0.9885     66488.0
       981,635   16.75%    4096     0.8200     0.7677     0.8829     0.9882     66788.1
       986,050   16.83%    4096     0.8295     0.7444     0.8909     0.9920     67088.1
       990,465   16.90%    4096     0.8255     0.7535     0.8837     0.9961     67388.2
       994,880   16.98%    4096     0.8295     0.7505     0.8921     1.0000     67688.2
       996,081   17.00%    4096     0.8290     0.7593     0.8860     0.9922     67770.0
     1,000,496   17.08%    4096     0.8285     0.7580     0.8877     0.9922     68070.0
     1,004,911   17.15%    4096     0.8295     0.7547     0.8897     0.9921     68370.1
     1,009,326   17.23%    4096     0.8245     0.7532     0.8842     0.9922     68670.1
     1,013,741   17.30%    4096     0.8280     0.7367     0.8822     0.9882     68970.1
     1,018,156   17.38%    4096     0.8260     0.7306     0.8826     1.0000     69270.2
     1,022,571   17.45%    4096     0.8230     0.7491     0.8730     0.9760     69570.2
     1,026,986   17.53%    4096     0.8315     0.7547     0.8851     0.9924     69870.3
     1,031,401   17.60%    4096     0.8065     0.7495     0.8698     0.9879     70170.3
     1,035,816   17.68%    4096     0.8045     0.7576     0.8819     0.9873     70470.4
     1,040,230   17.75%    4096     0.8065     0.7632     0.8878     0.9876     70770.4
     1,044,646   17.83%    4096     0.8135     0.7738     0.8869     0.9917     71070.5
     1,049,061   17.90%    4096     0.8140     0.7715     0.8821     0.9842     71370.5
     1,053,476   17.98%    4096     0.8195     0.7724     0.8835     0.9924     71670.6
     1,054,674   18.00%    4096     0.8080     0.7413     0.8818     0.9753     71752.1
     1,059,089   18.08%    4096     0.8110     0.7620     0.8903     0.9880     72052.2
     1,063,504   18.15%    4096     0.8105     0.7699     0.8908     0.9878     72352.2
     1,067,918   18.23%    4096     0.8095     0.7789     0.8851     0.9841     72652.3
     1,072,333   18.30%    4096     0.8150     0.7589     0.8847     0.9837     72952.3
     1,076,747   18.38%    4096     0.8095     0.7715     0.8888     0.9876     73252.3
     1,081,162   18.45%    4096     0.8090     0.7429     0.8850     0.9919     73552.3
     1,085,577   18.53%    4096     0.8130     0.7491     0.8825     0.9798     73852.4
     1,089,991   18.60%    4096     0.8170     0.7460     0.8825     0.9883     74152.4
     1,094,406   18.68%    4096     0.8140     0.7641     0.8814     0.9878     74452.4
     1,098,821   18.75%    4096     0.8140     0.7377     0.8735     0.9838     74752.4
     1,103,236   18.83%    4096     0.8115     0.7357     0.9526     1.0000     75052.5
     1,107,650   18.90%    4096     0.8165     0.7630     0.9314     1.0000     75352.5
     1,112,065   18.98%    4096     0.8215     0.7590     0.9385     0.9961     75652.5
     1,113,267   19.00%    4096     0.8145     0.7796     0.9509     1.0000     75734.4
     1,117,682   19.08%    4096     0.8055     0.7722     0.9497     1.0000     76034.5
     1,122,097   19.15%    4096     0.8235     0.7784     0.9484     1.0000     76334.5
     1,126,512   19.23%    4096     0.8150     0.7853     0.9595     1.0000     76634.6
     1,130,926   19.30%    4096     0.8230     0.7710     0.9575     1.0000     76934.6
     1,135,341   19.38%    4096     0.8125     0.7631     0.9532     1.0000     77234.6
     1,139,756   19.45%    4096     0.8170     0.7662     0.9578     1.0000     77534.7
     1,144,171   19.53%    4096     0.8260     0.7809     0.9679     1.0000     77834.7
     1,148,585   19.60%    4096     0.8285     0.7743     0.9578     1.0000     78134.7
     1,153,000   19.68%    4096     0.8195     0.7767     0.9603     1.0000     78434.8
     1,157,415   19.75%    4096     0.8220     0.7682     0.9623     1.0000     78734.8
     1,161,830   19.83%    4096     0.8215     0.7699     0.9623     1.0000     79034.8
     1,166,245   19.90%    4096     0.8210     0.7680     0.9537     1.0000     79334.9
     1,170,660   19.98%    4096     0.8170     0.7613     0.9572     1.0000     79634.9
     1,171,860   20.00%    4096     0.8200     0.7732     0.9530     1.0000     79716.6
     1,176,274   20.08%    4096     0.8280     0.7627     0.9523     1.0000     80016.6
     1,180,688   20.15%    4096     0.8225     0.7720     0.9562     1.0000     80316.6
     1,185,103   20.23%    4096     0.8310     0.7762     0.9537     1.0000     80616.7
     1,189,517   20.30%    4096     0.8240     0.7919     0.9624     1.0000     80916.7
     1,193,932   20.38%    4096     0.8225     0.7775     0.9611     1.0000     81216.7
     1,198,347   20.45%    4096     0.8265     0.7774     0.9637     1.0000     81516.8
     1,202,761   20.53%    4096     0.7585     0.7713     0.9407     0.9956     81816.8
     1,207,176   20.60%    4096     0.8295     0.7715     0.9566     1.0000     82116.8
     1,211,592   20.68%    4096     0.8225     0.8061     0.9653     1.0000     82416.9
     1,216,006   20.75%    4096     0.8275     0.7837     0.9704     1.0000     82716.9
     1,220,421   20.83%    4096     0.8240     0.7767     0.9624     1.0000     83017.0
     1,224,836   20.90%    4096     0.8220     0.7938     0.9617     1.0000     83317.0
     1,229,251   20.98%    4096     0.8170     0.7619     0.9663     0.9959     83617.0
     1,230,453   21.00%    4096     0.8265     0.8028     0.9637     1.0000     83698.9
     1,234,868   21.08%    4096     0.8185     0.7850     0.9688     1.0000     83999.0
     1,239,283   21.15%    4096     0.8235     0.8021     0.9775     1.0000     84299.0
     1,243,698   21.23%    4096     0.8290     0.7901     0.9584     0.9961     84599.0
     1,248,113   21.30%    4096     0.8200     0.7750     0.9726     0.9959     84899.1
     1,252,528   21.38%    4096     0.8375     0.7982     0.9666     0.9962     85199.1
     1,256,943   21.45%    4096     0.8310     0.7876     0.9711     1.0000     85499.1
     1,261,357   21.53%    4096     0.8170     0.7509     0.9565     1.0000     85799.1
     1,265,772   21.60%    4096     0.8275     0.8024     0.9728     0.9880     86099.2
     1,270,187   21.68%    4096     0.8280     0.7711     0.9704     1.0000     86399.2
     1,274,602   21.75%    4096     0.8245     0.7793     0.9745     1.0000     86699.3
     1,279,016   21.83%    4096     0.8245     0.7993     0.9739     0.9959     86999.3
     1,283,430   21.90%    4096     0.8245     0.7726     0.9721     0.9960     87299.3
     1,287,845   21.98%    4096     0.8280     0.7736     0.9716     0.9959     87599.4
     1,289,046   22.00%    4096     0.8205     0.7788     0.9732     0.9958     87681.1
     1,293,461   22.08%    4096     0.8195     0.7767     0.9707     1.0000     87981.2
     1,297,876   22.15%    4096     0.8260     0.7863     0.9722     1.0000     88281.2
     1,302,290   22.23%    4096     0.8275     0.7710     0.9722     1.0000     88581.3
     1,306,705   22.30%    4096     0.8205     0.7605     0.9683     0.9958     88881.3
     1,311,119   22.38%    4096     0.8305     0.7911     0.9723     1.0000     89181.4
     1,315,534   22.45%    4096     0.8250     0.7721     0.9733     0.9960     89481.4
     1,319,949   22.53%    4096     0.8265     0.7852     0.9691     0.9961     89781.4
     1,324,363   22.60%    4096     0.8240     0.7506     0.9697     1.0000     90081.4
     1,328,778   22.68%    4096     0.8240     0.7828     0.9654     0.9877     90381.5
     1,333,193   22.75%    4096     0.8210     0.7741     0.9732     1.0000     90681.5
     1,337,607   22.83%    4096     0.8240     0.8004     0.9739     0.9960     90981.5
     1,342,022   22.90%    4096     0.8130     0.7749     0.9692     0.9872     91281.6
     1,346,437   22.98%    4096     0.8260     0.7730     0.9746     0.9920     91581.6
     1,347,639   23.00%    4096     0.8290     0.7557     0.9729     0.9921     91663.5
     1,352,054   23.08%    4096     0.8260     0.7676     0.9679     0.9919     91963.5
     1,356,469   23.15%    4096     0.8300     0.7867     0.9717     0.9961     92263.6
     1,360,884   23.23%    4096     0.8205     0.7855     0.9689     1.0000     92563.6
     1,365,298   23.30%    4096     0.8175     0.7908     0.9719     1.0000     92863.6
     1,369,713   23.38%    4096     0.8255     0.7783     0.9691     0.9919     93163.7
     1,374,127   23.45%    4096     0.8265     0.7949     0.9728     0.9960     93463.7
     1,378,541   23.53%    4096     0.8285     0.7755     0.9614     0.9920     93763.7
     1,382,956   23.60%    4096     0.8125     0.8117     0.9723     0.9917     94063.7
     1,387,371   23.68%    4096     0.7955     0.7498     0.8931     0.9587     94363.8
     1,391,786   23.75%    4096     0.8160     0.7855     0.9602     0.9959     94663.8
     1,396,201   23.83%    4096     0.8270     0.8210     0.9655     0.9962     94963.9
     1,400,616   23.90%    4096     0.8205     0.8257     0.9683     1.0000     95263.9
     1,405,030   23.98%    4096     0.8300     0.8199     0.9699     0.9962     95563.9
     1,406,232   24.00%    4096     0.8235     0.8209     0.9611     1.0000     95645.7
     1,410,647   24.08%    4096     0.8305     0.8116     0.9585     1.0000     95945.8
     1,415,062   24.15%    4096     0.8280     0.8001     0.9644     1.0000     96245.8
     1,419,477   24.23%    4096     0.8290     0.7859     0.9602     1.0000     96545.8
     1,423,891   24.30%    4096     0.8325     0.7796     0.9447     1.0000     96845.9
     1,428,307   24.38%    4096     0.8245     0.7774     0.9600     1.0000     97145.9
     1,432,721   24.45%    4096     0.8320     0.7849     0.9597     1.0000     97446.0
     1,437,135   24.53%    4096     0.8275     0.7764     0.9541     1.0000     97746.0
     1,441,550   24.60%    4096     0.8370     0.7915     0.9695     1.0000     98046.0
     1,445,964   24.68%    4096     0.8330     0.7767     0.9604     1.0000     98346.0
     1,450,379   24.75%    4096     0.8335     0.7918     0.9622     1.0000     98646.1
     1,454,794   24.83%    4096     0.8335     0.7672     0.9628     1.0000     98946.1
     1,459,208   24.90%    4096     0.8265     0.7816     0.9589     0.9960     99246.1
     1,463,623   24.98%    4096     0.8265     0.7792     0.9540     1.0000     99546.2
     1,464,825   25.00%    4096     0.8280     0.7838     0.9541     1.0000     99628.0
     1,469,240   25.08%    4096     0.8335     0.7810     0.9574     1.0000     99928.0
     1,473,655   25.15%    4096     0.8345     0.7849     0.9611     1.0000    100228.1
     1,478,070   25.23%    4096     0.8260     0.7821     0.9655     1.0000    100528.1
     1,482,485   25.30%    4096     0.8335     0.7822     0.9670     1.0000    100828.2
     1,486,900   25.38%    4096     0.8240     0.7791     0.9684     1.0000    101128.3
     1,491,315   25.45%    4096     0.8320     0.7825     0.9694     1.0000    101428.3
     1,495,729   25.53%    4096     0.8230     0.7904     0.9702     1.0000    101728.3
     1,500,144   25.60%    4096     0.8300     0.7723     0.9651     1.0000    102028.4
     1,504,559   25.68%    4096     0.8325     0.7772     0.9712     1.0000    102328.4
     1,508,973   25.75%    4096     0.8290     0.7895     0.9729     1.0000    102628.4
     1,513,388   25.83%    4096     0.8280     0.7844     0.9686     1.0000    102928.5
     1,517,803   25.90%    4096     0.8300     0.7831     0.9608     1.0000    103228.5
     1,522,218   25.98%    4096     0.8255     0.7880     0.9697     0.9959    103528.6
     1,523,418   26.00%    4096     0.8250     0.7848     0.9703     1.0000    103610.3
     1,527,833   26.08%    4096     0.8290     0.7907     0.9686     1.0000    103910.3
     1,532,247   26.15%    4096     0.8285     0.7942     0.9722     1.0000    104210.3
     1,536,661   26.23%    4096     0.8260     0.7742     0.9709     1.0000    104510.4
     1,541,076   26.30%    4096     0.8285     0.7882     0.9686     1.0000    104810.4
     1,545,491   26.38%    4096     0.8290     0.7949     0.9632     1.0000    105110.5
     1,549,906   26.45%    4096     0.8240     0.8052     0.9691     1.0000    105410.5
     1,554,321   26.53%    4096     0.8405     0.8001     0.9709     1.0000    105710.5
     1,558,736   26.60%    4096     0.8285     0.7797     0.9662     1.0000    106010.6
     1,563,151   26.68%    4096     0.8235     0.7863     0.9696     1.0000    106310.6
     1,567,565   26.75%    4096     0.8210     0.8185     0.9708     1.0000    106610.6
     1,571,980   26.83%    4096     0.8320     0.8011     0.9736     1.0000    106910.7
     1,576,395   26.90%    4096     0.8325     0.7970     0.9646     1.0000    107210.7
     1,580,810   26.98%    4096     0.8245     0.7932     0.9636     1.0000    107510.8
     1,582,011   27.00%    4096     0.8275     0.8054     0.9668     1.0000    107592.6
     1,586,426   27.08%    4096     0.8280     0.7947     0.9668     1.0000    107892.7
     1,590,841   27.15%    4096     0.8290     0.8058     0.9674     1.0000    108192.7
     1,595,256   27.23%    4096     0.8255     0.7947     0.9703     1.0000    108492.8
     1,599,671   27.30%    4096     0.8310     0.7990     0.9675     1.0000    108792.8
     1,604,086   27.38%    4096     0.8275     0.8054     0.9704     1.0000    109092.9
     1,608,501   27.45%    4096     0.8220     0.8011     0.9751     1.0000    109392.9
     1,612,916   27.53%    4096     0.8295     0.7896     0.9656     0.9963    109693.0
     1,617,331   27.60%    4096     0.8335     0.8014     0.9754     1.0000    109993.0
     1,621,745   27.68%    4096     0.8360     0.8068     0.9749     1.0000    110293.0
     1,626,160   27.75%    4096     0.8310     0.8032     0.9687     1.0000    110593.1
     1,630,575   27.83%    4096     0.8310     0.8020     0.9705     1.0000    110893.1
     1,634,990   27.90%    4096     0.8175     0.7817     0.9731     1.0000    111193.1
     1,639,405   27.98%    4096     0.8300     0.7873     0.9663     1.0000    111493.2
     1,640,604   28.00%    4096     0.8330     0.8007     0.9706     1.0000    111574.8
     1,645,018   28.07%    4096     0.8310     0.8020     0.9711     1.0000    111874.8
     1,649,432   28.15%    4096     0.8285     0.7972     0.9674     1.0000    112174.8
     1,653,846   28.23%    4096     0.8285     0.7984     0.9668     1.0000    112474.9
     1,658,261   28.30%    4096     0.8375     0.7928     0.9719     1.0000    112774.9
     1,662,676   28.38%    4096     0.8280     0.8001     0.9728     1.0000    113074.9
     1,667,091   28.45%    4096     0.8025     0.7209     0.9153     1.0000    113375.0
     1,671,506   28.53%    4096     0.8310     0.8014     0.9705     1.0000    113675.0
     1,675,921   28.60%    4096     0.8330     0.8085     0.9688     1.0000    113975.1
     1,680,334   28.68%    4096     0.8325     0.7904     0.9706     1.0000    114275.1
     1,684,749   28.75%    4096     0.8320     0.7987     0.9724     1.0000    114575.2
     1,689,163   28.83%    4096     0.8225     0.8109     0.9763     1.0000    114875.2
     1,693,578   28.90%    4096     0.8310     0.7732     0.9747     1.0000    115175.2
     1,697,993   28.98%    4096     0.8250     0.7958     0.9709     1.0000    115475.3
     1,699,197   29.00%    4096     0.8290     0.7979     0.9704     1.0000    115557.3
     1,703,612   29.07%    4096     0.8265     0.7877     0.9728     1.0000    115857.4
     1,708,027   29.15%    4096     0.8310     0.8020     0.9699     1.0000    116157.4
     1,712,441   29.23%    4096     0.8275     0.7903     0.9625     1.0000    116457.4
     1,716,856   29.30%    4096     0.8255     0.7971     0.9685     1.0000    116757.5
     1,721,271   29.38%    4096     0.8305     0.8019     0.9693     1.0000    117057.5
     1,725,685   29.45%    4096     0.8325     0.8006     0.9664     1.0000    117357.6
     1,730,100   29.53%    4096     0.8250     0.8036     0.9691     1.0000    117657.6
     1,734,514   29.60%    4096     0.8170     0.7987     0.9651     1.0000    117957.6
     1,738,929   29.68%    4096     0.8300     0.7861     0.9639     1.0000    118257.7
     1,743,343   29.75%    4096     0.8200     0.8006     0.9616     1.0000    118557.7
     1,747,758   29.83%    4096     0.8155     0.7817     0.9675     1.0000    118857.7
     1,752,173   29.90%    4096     0.8335     0.7996     0.9658     1.0000    119157.8
     1,756,587   29.98%    4096     0.8305     0.7935     0.9699     1.0000    119457.8
     1,757,790   30.00%    4096     0.8245     0.7993     0.9642     1.0000    119539.7
     1,762,205   30.07%    4096     0.8280     0.8001     0.9674     1.0000    119839.8
     1,766,620   30.15%    4096     0.8270     0.7914     0.9674     1.0000    120139.8
     1,771,034   30.23%    4096     0.8250     0.7933     0.9636     1.0000    120439.8
     1,775,449   30.30%    4096     0.8230     0.7849     0.9654     1.0000    120739.9
     1,779,864   30.38%    4096     0.8225     0.7805     0.9672     1.0000    121039.9
     1,784,278   30.45%    4096     0.8305     0.7965     0.9699     1.0000    121339.9
     1,788,692   30.53%    4096     0.8265     0.7895     0.9643     1.0000    121640.0
     1,793,107   30.60%    4096     0.8020     0.6615     0.9183     0.9784    121940.0
     1,797,522   30.68%    4096     0.8325     0.7916     0.9646     1.0000    122240.0
     1,801,937   30.75%    4096     0.8245     0.7902     0.9594     1.0000    122540.1
     1,806,351   30.83%    4096     0.8285     0.8117     0.9698     1.0000    122840.1
     1,810,765   30.90%    4096     0.8235     0.7717     0.8834     0.9876    123140.1
     1,815,179   30.98%    4096     0.8300     0.7729     0.8837     0.9839    123440.1
     1,816,383   31.00%    4096     0.8260     0.7857     0.8789     0.9837    123522.1
     1,820,798   31.07%    4096     0.8220     0.7871     0.8856     0.9878    123822.2
     1,825,213   31.15%    4096     0.8305     0.7754     0.8862     0.9882    124122.2
     1,829,627   31.23%    4096     0.8245     0.7799     0.8775     0.9845    124422.2
     1,834,041   31.30%    4096     0.8205     0.7757     0.8842     0.9877    124722.2
     1,838,456   31.38%    4096     0.8210     0.7747     0.8855     0.9960    125022.2
     1,842,871   31.45%    4096     0.8145     0.7827     0.8760     0.9876    125322.3
     1,847,286   31.53%    4096     0.8235     0.7614     0.8810     0.9917    125622.4
     1,851,700   31.60%    4096     0.8235     0.7772     0.8780     0.9922    125922.3
     1,856,115   31.68%    4096     0.8145     0.7520     0.8717     0.9835    126222.4
     1,860,530   31.75%    4096     0.8235     0.7559     0.8743     1.0000    126522.4
     1,864,945   31.83%    4096     0.8125     0.7274     0.8702     0.9791    126822.5
     1,869,359   31.90%    4096     0.8285     0.7502     0.8775     0.9880    127122.5
     1,873,774   31.98%    4096     0.8265     0.7737     0.8845     0.9922    127422.5
     1,874,976   32.00%    4096     0.8200     0.7713     0.8738     0.9960    127504.4
     1,879,391   32.07%    4096     0.8240     0.7615     0.8708     0.9880    127804.5
     1,883,805   32.15%    4096     0.8285     0.7719     0.8763     0.9921    128104.5
     1,888,219   32.23%    4096     0.8270     0.7642     0.8742     0.9882    128404.5
     1,892,634   32.30%    4096     0.7875     0.7340     0.8616     0.9867    128704.5
     1,897,048   32.38%    4096     0.8265     0.7743     0.8802     0.9879    129004.5
     1,901,463   32.45%    4096     0.8220     0.7682     0.8765     0.9877    129304.6
     1,905,878   32.53%    4096     0.8260     0.7688     0.8826     0.9920    129604.6
     1,910,293   32.60%    4096     0.8065     0.7223     0.8679     0.9873    129904.6
     1,914,707   32.68%    4096     0.8110     0.7417     0.8755     0.9917    130204.6
     1,919,122   32.75%    4096     0.8155     0.7664     0.8835     0.9876    130504.7
     1,923,537   32.83%    4096     0.8155     0.7664     0.8768     0.9916    130804.7
     1,927,952   32.90%    4096     0.8195     0.7517     0.8865     0.9959    131104.8
     1,932,367   32.98%    4096     0.8195     0.7566     0.8780     0.9918    131404.8
     1,933,569   33.00%    4096     0.8150     0.7540     0.8798     0.9876    131486.7
     1,937,984   33.07%    4096     0.8175     0.7743     0.8783     0.9839    131786.7
     1,942,399   33.15%    4096     0.8205     0.7556     0.8806     0.9960    132086.8
     1,946,814   33.23%    4096     0.8200     0.7561     0.8823     0.9794    132386.8
     1,951,229   33.30%    4096     0.8200     0.7506     0.8811     0.9919    132686.9
     1,955,644   33.38%    4096     0.8165     0.7630     0.8794     0.9877    132987.0
     1,960,059   33.45%    4096     0.8230     0.7600     0.8761     0.9757    133287.0
     1,964,474   33.53%    4096     0.8220     0.7816     0.8832     0.9961    133587.0
     1,968,888   33.60%    4096     0.8290     0.7654     0.8752     0.9961    133887.0
     1,973,302   33.68%    4096     0.8260     0.7682     0.8765     0.9803    134187.0
     1,977,717   33.75%    4096     0.8220     0.7737     0.8850     0.9959    134487.1
     1,982,132   33.83%    4096     0.8155     0.7627     0.8731     0.9793    134787.1
     1,986,547   33.90%    4096     0.8165     0.7495     0.8653     0.9760    135087.1
     1,990,961   33.98%    4096     0.8240     0.7803     0.8823     0.9961    135387.1
     1,992,162   34.00%    4096     0.8225     0.7660     0.8766     0.9880    135469.0
     1,996,577   34.07%    4096     0.8140     0.7789     0.8790     0.9921    135769.0
     2,000,992   34.15%    4096     0.8220     0.7597     0.8790     0.9879    136069.1
     2,005,407   34.23%    4096     0.8205     0.7709     0.8854     0.9878    136369.1
     2,009,822   34.30%    4096     0.8250     0.7794     0.8818     0.9922    136669.2
     2,014,236   34.38%    4096     0.8195     0.7773     0.8768     0.9838    136969.2
     2,018,651   34.45%    4096     0.8230     0.7716     0.8761     1.0000    137269.2
     2,023,066   34.53%    4096     0.8175     0.7713     0.8765     0.9880    137569.3
     2,027,482   34.60%    4096     0.8300     0.7807     0.8801     0.9962    137869.3
     2,031,895   34.68%    4096     0.8215     0.7669     0.8795     0.9878    138169.3
     2,036,310   34.75%    4096     0.8165     0.7765     0.8849     1.0000    138469.3
     2,040,724   34.83%    4096     0.8230     0.7722     0.8834     1.0000    138769.3
     2,045,139   34.90%    4096     0.8200     0.7713     0.8750     0.9918    139069.4
     2,049,554   34.98%    4096     0.8220     0.7847     0.8838     0.9960    139369.5
     2,050,755   35.00%    4096     0.8215     0.7748     0.8752     0.9881    139451.3
     2,055,169   35.07%    4096     0.8190     0.7643     0.8779     0.9959    139751.3
     2,059,583   35.15%    4096     0.8240     0.7737     0.8774     0.9959    140051.3
     2,063,998   35.23%    4096     0.8200     0.7555     0.8787     0.9831    140351.3
     2,068,412   35.30%    4096     0.8190     0.7753     0.8742     0.9883    140651.3
     2,072,827   35.38%    4096     0.8200     0.7726     0.8744     0.9834    140951.4
     2,077,241   35.45%    4096     0.8280     0.7826     0.8774     0.9839    141251.4
     2,081,655   35.53%    4096     0.8005     0.7414     0.8632     0.9835    141551.4
     2,086,069   35.60%    4096     0.8270     0.7684     0.8706     0.9920    141851.4
     2,090,484   35.68%    4096     0.8290     0.7786     0.8824     0.9922    142151.5
     2,094,898   35.75%    4096     0.8250     0.7752     0.8764     0.9923    142451.5
     2,099,313   35.83%    4096     0.8150     0.7485     0.8761     0.9881    142751.6
     2,103,728   35.90%    4096     0.8190     0.7814     0.8858     0.9921    143051.6
     2,108,143   35.98%    4096     0.8235     0.7735     0.8774     0.9919    143351.7
     2,109,348   36.00%    4096     0.8135     0.7695     0.8777     0.9959    143433.8
     2,113,762   36.07%    4096     0.8225     0.7745     0.8784     0.9880    143733.8
     2,118,177   36.15%    4096     0.8205     0.7538     0.8769     0.9754    144033.9
     2,122,592   36.23%    4096     0.8215     0.7724     0.8764     0.9837    144333.9
     2,127,006   36.30%    4096     0.8140     0.7715     0.8747     0.9834    144633.9
     2,131,421   36.38%    4096     0.8255     0.7777     0.8746     0.9918    144933.9
     2,135,835   36.45%    4096     0.8205     0.7654     0.8732     0.9839    145234.0
     2,140,250   36.53%    4096     0.8265     0.7629     0.8808     0.9923    145534.0
     2,144,664   36.60%    4096     0.8175     0.7768     0.8765     0.9876    145834.0
     2,149,079   36.68%    4096     0.8135     0.7603     0.8679     0.9874    146134.1
     2,153,494   36.75%    4096     0.8200     0.7829     0.8762     0.9918    146434.2
     2,157,909   36.83%    4096     0.8190     0.7650     0.8748     0.9798    146734.2
     2,162,323   36.90%    4096     0.8255     0.7813     0.8770     0.9922    147034.2
     2,166,737   36.98%    4096     0.8215     0.7730     0.8862     1.0000    147334.3
     2,167,941   37.00%    4096     0.8230     0.7710     0.8827     0.9920    147416.3
     2,172,356   37.07%    4096     0.8245     0.7653     0.8842     0.9918    147716.3
     2,176,770   37.15%    4096     0.8210     0.7667     0.8819     1.0000    148016.4
     2,181,185   37.23%    4096     0.8205     0.7928     0.8836     0.9918    148316.4
     2,185,600   37.30%    4096     0.8225     0.7635     0.8815     0.9875    148616.5
     2,190,014   37.38%    4096     0.8185     0.7581     0.8876     0.9960    148916.5
     2,194,429   37.45%    4096     0.8225     0.7848     0.8821     0.9959    149216.6
     2,198,843   37.53%    4096     0.8205     0.7697     0.8806     0.9958    149516.6
     2,203,257   37.60%    4096     0.8200     0.7701     0.8835     0.9959    149816.6
     2,207,671   37.68%    4096     0.8160     0.7751     0.8793     0.9873    150116.6
     2,212,085   37.75%    4096     0.8190     0.7613     0.8712     0.9878    150416.6
     2,216,500   37.83%    4096     0.8090     0.7614     0.8789     0.9913    150716.7
     2,220,915   37.90%    4096     0.8205     0.7837     0.8830     0.9839    151016.7
     2,225,329   37.98%    4096     0.8205     0.7898     0.8836     0.9837    151316.7
     2,226,534   38.00%    4096     0.8070     0.7683     0.8798     0.9825    151398.8
     2,230,949   38.07%    4096     0.8105     0.7674     0.8816     0.9829    151698.8
     2,235,363   38.15%    4096     0.8125     0.7692     0.8806     0.9830    151998.9
     2,239,778   38.23%    4096     0.8090     0.7756     0.8850     0.9869    152298.9
     2,244,193   38.30%    4096     0.8010     0.7628     0.8808     0.9825    152598.9
     2,248,608   38.38%    4096     0.8095     0.7746     0.8796     0.9872    152899.0
     2,253,023   38.45%    4096     0.8060     0.7550     0.8772     0.9870    153199.0
     2,257,437   38.53%    4096     0.8120     0.7672     0.8812     0.9877    153499.1
     2,261,852   38.60%    4096     0.8105     0.7773     0.8785     0.9916    153799.1
     2,266,266   38.68%    4096     0.8140     0.7826     0.8888     0.9917    154099.1
     2,270,680   38.75%    4096     0.8120     0.7808     0.8849     0.9876    154399.1
     2,275,095   38.83%    4096     0.8005     0.7714     0.8863     0.9956    154699.2
     2,279,510   38.90%    4096     0.8025     0.7676     0.8785     0.9864    154999.2
     2,283,925   38.98%    4096     0.8100     0.7772     0.8846     0.9871    155299.3
     2,285,127   39.00%    4096     0.7985     0.7740     0.8798     0.9864    155381.1
     2,289,541   39.07%    4096     0.8055     0.7592     0.8833     0.9912    155681.2
     2,293,956   39.15%    4096     0.7875     0.7917     0.8870     0.9956    155981.2
     2,298,370   39.23%    4096     0.7945     0.7716     0.8760     0.9863    156281.2
     2,302,784   39.30%    4096     0.8030     0.7746     0.8829     0.9914    156581.2
     2,307,198   39.38%    4096     0.8080     0.7605     0.8818     0.9871    156881.2
     2,311,612   39.45%    4096     0.8175     0.7829     0.8813     0.9873    157181.3
     2,316,025   39.53%    4096     0.8065     0.7768     0.8797     0.9867    157481.3
     2,320,439   39.60%    4096     0.8100     0.7827     0.8870     0.9917    157781.3
     2,324,854   39.68%    4096     0.8105     0.7816     0.8809     0.9915    158081.4
     2,329,268   39.75%    4096     0.8055     0.7945     0.8827     0.9915    158381.4
     2,333,682   39.83%    4096     0.8080     0.7778     0.8824     0.9914    158681.5
     2,338,096   39.90%    4096     0.8075     0.7789     0.8848     0.9875    158981.5
     2,342,511   39.98%    4096     0.8095     0.7746     0.8857     0.9915    159281.5
     2,343,720   40.00%    4096     0.8050     0.7727     0.8826     0.9867    159363.9
     2,348,135   40.07%    4096     0.8090     0.7485     0.8826     0.9955    159663.9
     2,352,549   40.15%    4096     0.8070     0.7856     0.8841     0.9912    159964.0
     2,356,964   40.23%    4096     0.8080     0.7698     0.8830     0.9873    160264.0
     2,361,378   40.30%    4096     0.8060     0.7798     0.8865     0.9914    160564.0
     2,365,792   40.38%    4096     0.8020     0.7718     0.9009     1.0000    160864.0
     2,370,207   40.45%    4096     0.8100     0.7765     0.8889     0.9958    161164.1
     2,374,622   40.53%    4096     0.8120     0.7826     0.8830     0.9915    161464.1
     2,379,037   40.60%    4096     0.8145     0.7624     0.8828     0.9873    161764.2
     2,383,452   40.68%    4096     0.8105     0.7835     0.8828     0.9830    162064.2
     2,387,867   40.75%    4096     0.7895     0.7752     0.8809     0.9908    162364.3
     2,392,282   40.83%    4096     0.7940     0.7651     0.8929     0.9956    162664.3
     2,396,697   40.90%    4096     0.8085     0.7792     0.8850     0.9913    162964.4
     2,401,112   40.98%    4096     0.8020     0.7600     0.8797     0.9910    163264.4
     2,402,313   41.00%    4096     0.8140     0.7654     0.8882     0.9915    163346.2
     2,406,728   41.07%    4096     0.8055     0.7616     0.8808     0.9911    163646.2
     2,411,143   41.15%    4096     0.8160     0.7708     0.8836     0.9874    163946.2
     2,415,557   41.23%    4096     0.8045     0.7651     0.8769     0.9867    164246.2
     2,419,972   41.30%    4096     0.8045     0.7775     0.8900     0.9911    164546.3
     2,424,387   41.38%    4096     0.8095     0.7851     0.8919     0.9958    164846.3
     2,428,802   41.45%    4096     0.8065     0.7601     0.8841     0.9912    165146.3
     2,433,217   41.53%    4096     0.8085     0.7650     0.8874     0.9913    165446.4
     2,437,632   41.60%    4096     0.8100     0.7765     0.8858     0.9912    165746.4
     2,442,047   41.68%    4096     0.8135     0.7757     0.8888     0.9872    166046.5
     2,446,462   41.75%    4096     0.8090     0.7689     0.8850     0.9912    166346.5
     2,450,877   41.83%    4096     0.8040     0.7724     0.8868     0.9911    166646.6
     2,455,292   41.90%    4096     0.8045     0.7657     0.8888     0.9956    166946.6
     2,459,707   41.98%    4096     0.8130     0.7768     0.8825     0.9919    167246.7
     2,460,906   42.00%    4096     0.8105     0.7650     0.8859     0.9915    167328.3
     2,465,321   42.07%    4096     0.8010     0.7653     0.8814     0.9868    167628.4
     2,469,736   42.15%    4096     0.8050     0.7677     0.8801     0.9915    167928.4
     2,474,151   42.23%    4096     0.8145     0.7858     0.8907     0.9917    168228.5
     2,478,565   42.30%    4096     0.8115     0.7776     0.8872     0.9917    168528.5
     2,482,980   42.38%    4096     0.8125     0.7828     0.8825     0.9917    168828.6
     2,487,394   42.45%    4096     0.8105     0.7761     0.8865     0.9914    169128.6
     2,491,808   42.53%    4096     0.8120     0.7697     0.8849     0.9915    169428.7
     2,496,222   42.60%    4096     0.8085     0.7811     0.8905     0.9915    169728.7
     2,500,637   42.68%    4096     0.8075     0.7430     0.8799     0.9872    170028.8
     2,505,051   42.75%    4096     0.8110     0.7774     0.8915     0.9913    170328.8
     2,509,465   42.83%    4096     0.8060     0.7823     0.8865     0.9912    170628.8
     2,513,880   42.90%    4096     0.8140     0.7740     0.8876     0.9915    170928.8
     2,518,295   42.98%    4096     0.8050     0.7671     0.8807     0.9833    171228.8
     2,519,499   43.00%    4096     0.8100     0.7716     0.8821     0.9915    171310.9
     2,523,913   43.07%    4096     0.8100     0.7630     0.8932     0.9915    171610.9
     2,528,327   43.15%    4096     0.8100     0.7735     0.8827     0.9871    171910.9
     2,532,741   43.23%    4096     0.8045     0.7899     0.8844     0.9915    172210.9
     2,537,156   43.30%    4096     0.8040     0.7811     0.8943     0.9917    172511.0
     2,541,570   43.38%    4096     0.8085     0.7724     0.8868     0.9917    172811.0
     2,545,985   43.45%    4096     0.8025     0.7695     0.8816     0.9911    173111.0
     2,550,400   43.53%    4096     0.8095     0.7727     0.8876     0.9913    173411.1
     2,554,814   43.60%    4096     0.8110     0.7787     0.8853     0.9872    173711.1
     2,559,228   43.68%    4096     0.8115     0.7770     0.8866     0.9871    174011.1
     2,563,643   43.75%    4096     0.8130     0.7688     0.8764     0.9876    174311.2
     2,568,057   43.83%    4096     0.8080     0.7754     0.8824     0.9914    174611.2
     2,572,472   43.90%    4096     0.8085     0.7743     0.8868     0.9913    174911.3
     2,576,887   43.98%    4096     0.8120     0.7771     0.8842     0.9916    175211.3
     2,578,092   44.00%    4096     0.8015     0.7617     0.8883     0.9908    175293.4
     2,582,507   44.07%    4096     0.8120     0.7814     0.8805     0.9915    175593.4
     2,586,922   44.15%    4096     0.8095     0.7764     0.8882     0.9914    175893.5
     2,591,336   44.23%    4096     0.8100     0.7704     0.8840     0.9915    176193.5
     2,595,751   44.30%    4096     0.8100     0.7716     0.8870     0.9915    176493.6
     2,600,165   44.38%    4096     0.8045     0.7613     0.8906     0.9912    176793.6
     2,604,580   44.45%    4096     0.8105     0.7705     0.8803     0.9874    177093.7
     2,608,995   44.53%    4096     0.8110     0.7725     0.8878     0.9916    177393.7
     2,613,409   44.60%    4096     0.8095     0.7708     0.8863     0.9914    177693.7
     2,617,824   44.68%    4096     0.8135     0.7769     0.8875     0.9919    177993.8
     2,622,239   44.75%    4096     0.8140     0.7899     0.8888     0.9918    178293.8
     2,626,653   44.83%    4096     0.8120     0.7728     0.8873     0.9871    178593.8
     2,631,068   44.90%    4096     0.8145     0.7723     0.8901     0.9917    178893.9
     2,635,482   44.98%    4096     0.8050     0.7845     0.8882     0.9913    179193.9
     2,636,685   45.00%    4096     0.8110     0.7750     0.8835     0.9957    179275.9
     2,641,100   45.07%    4096     0.8155     0.7609     0.8909     0.9916    179575.9
     2,645,514   45.15%    4096     0.8135     0.7744     0.8881     0.9917    179875.9
     2,649,929   45.23%    4096     0.8050     0.7727     0.8851     0.9865    180176.0
     2,654,343   45.30%    4096     0.8095     0.7721     0.8863     0.9957    180476.0
     2,658,757   45.38%    4096     0.8110     0.7645     0.8816     0.9875    180776.0
     2,663,171   45.45%    4096     0.8065     0.7619     0.8841     0.9911    181076.0
     2,667,585   45.53%    4096     0.8135     0.7720     0.8832     0.9913    181376.0
     2,672,000   45.60%    4096     0.8170     0.7748     0.8880     0.9915    181676.1
     2,676,415   45.68%    4096     0.8040     0.7680     0.8887     0.9912    181976.2
     2,680,829   45.75%    4096     0.8140     0.7746     0.8894     0.9875    182276.2
     2,685,244   45.83%    4096     0.8100     0.7698     0.8846     0.9914    182576.2
     2,689,658   45.90%    4096     0.8055     0.7716     0.8963     0.9956    182876.3
     2,694,073   45.98%    4096     0.8075     0.7579     0.8861     0.9956    183176.3
     2,695,278   46.00%    4096     0.8155     0.7713     0.8841     0.9874    183258.4
     2,699,693   46.07%    4096     0.8115     0.7776     0.8946     0.9957    183558.4
     2,704,108   46.15%    4096     0.8100     0.7710     0.8840     0.9872    183858.5
     2,708,523   46.23%    4096     0.8125     0.7723     0.8855     0.9917    184158.6
     2,712,937   46.30%    4096     0.8060     0.7717     0.8797     0.9913    184458.6
     2,717,351   46.38%    4096     0.8120     0.7820     0.8879     0.9917    184758.6
     2,721,765   46.45%    4096     0.8055     0.7927     0.8876     0.9957    185058.6
     2,726,180   46.53%    4096     0.8105     0.7680     0.8828     0.9915    185358.7
     2,730,594   46.60%    4096     0.8130     0.7718     0.8813     0.9914    185658.7
     2,735,008   46.68%    4096     0.8160     0.7757     0.8842     0.9958    185958.7
     2,739,422   46.75%    4096     0.8075     0.7598     0.8848     0.9868    186258.7
     2,743,837   46.83%    4096     0.8095     0.7659     0.8820     0.9915    186558.8
     2,748,251   46.90%    4096     0.8130     0.7743     0.8813     0.9872    186858.8
     2,752,665   46.98%    4096     0.8085     0.7811     0.8887     0.9957    187158.8
     2,753,871   47.00%    4096     0.8125     0.7735     0.8812     0.9916    187241.0
     2,758,285   47.07%    4096     0.8165     0.7814     0.8867     0.9958    187541.1
     2,762,700   47.15%    4096     0.8095     0.7752     0.8888     0.9914    187841.1
     2,767,114   47.23%    4096     0.8135     0.7683     0.8851     0.9874    188141.1
     2,771,527   47.30%    4096     0.8055     0.7678     0.8765     0.9915    188441.2
     2,775,941   47.38%    4096     0.8190     0.7631     0.8834     0.9919    188741.2
     2,780,356   47.45%    4096     0.8170     0.7674     0.8849     0.9918    189041.3
     2,784,770   47.53%    4096     0.8040     0.7631     0.8825     0.9912    189341.3
     2,789,183   47.60%    4096     0.7950     0.7686     0.9025     1.0000    189641.3
     2,793,593   47.68%    4096     0.8135     0.7861     0.8869     0.9917    189941.4
     2,798,008   47.75%    4096     0.8125     0.7735     0.8898     0.9958    190241.4
     2,802,423   47.83%    4096     0.8075     0.7889     0.8879     0.9917    190541.5
     2,806,837   47.90%    4096     0.8065     0.7712     0.8847     0.9870    190841.5
     2,811,251   47.98%    4096     0.8120     0.7666     0.8830     0.9915    191141.5
     2,812,464   48.00%    4096     0.8055     0.7765     0.8777     0.9913    191224.2
     2,816,878   48.07%    4096     0.8045     0.7800     0.8832     0.9914    191524.2
     2,821,293   48.15%    4096     0.8150     0.7730     0.8865     0.9960    191824.2
     2,825,708   48.23%    4096     0.8155     0.7590     0.8909     0.9879    192124.3
     2,830,122   48.30%    4096     0.8165     0.7685     0.8867     0.9917    192424.3
     2,834,537   48.38%    4096     0.8105     0.7705     0.8816     0.9872    192724.4
     2,838,951   48.45%    4096     0.8085     0.7489     0.8813     0.9873    193024.4
     2,843,365   48.53%    4096     0.8070     0.7862     0.8872     0.9913    193324.4
     2,847,780   48.60%    4096     0.8195     0.7785     0.8920     0.9919    193624.5
     2,852,194   48.68%    4096     0.8095     0.7721     0.8882     0.9869    193924.5
     2,856,608   48.75%    4096     0.8090     0.7812     0.8844     0.9957    194224.5
     2,861,023   48.83%    4096     0.8085     0.7718     0.8825     0.9914    194524.6
     2,865,437   48.90%    4096     0.8145     0.7772     0.8834     0.9916    194824.6
     2,869,851   48.98%    4096     0.7930     0.7869     0.8827     0.9911    195124.6
     2,871,057   49.00%    4096     0.8130     0.7743     0.8795     0.9872    195206.7
     2,875,471   49.07%    4096     0.8100     0.7846     0.8877     0.9916    195506.8
     2,879,886   49.15%    4096     0.8055     0.7660     0.8839     0.9868    195806.8
     2,884,300   49.23%    4096     0.8125     0.7791     0.8849     0.9916    196106.9
     2,888,714   49.30%    4096     0.8135     0.7597     0.8851     0.9917    196406.9
     2,893,128   49.38%    4096     0.8140     0.7709     0.8851     0.9916    196706.9
     2,897,543   49.45%    4096     0.8115     0.7776     0.8885     0.9957    197007.0
     2,901,957   49.53%    4096     0.8080     0.7679     0.8812     0.9915    197307.0
     2,906,371   49.60%    4096     0.8125     0.7735     0.8843     0.9872    197607.0
     2,910,785   49.68%    4096     0.8120     0.7752     0.8830     0.9877    197907.0
     2,915,199   49.75%    4096     0.8190     0.7821     0.8944     0.9917    198207.1
     2,919,614   49.83%    4096     0.8095     0.7733     0.8814     0.9915    198507.1
     2,924,028   49.90%    4096     0.8130     0.7731     0.8905     0.9915    198807.1
     2,928,442   49.98%    4096     0.8130     0.7768     0.8887     0.9871    199107.1
     2,929,650   50.00%    4096     0.8140     0.7715     0.8857     0.9915    199189.4
     2,934,064   50.07%    4096     0.8075     0.7752     0.8817     0.9913    199489.4
     2,938,479   50.15%    4096     0.8070     0.7838     0.8860     0.9874    199789.5
     2,942,893   50.23%    4096     0.8095     0.7776     0.8833     0.9913    200089.5
     2,947,307   50.30%    4096     0.8115     0.7880     0.8860     0.9916    200389.5
     2,951,719   50.38%    4096     0.8075     0.7975     0.8879     0.9916    200689.5
     2,956,134   50.45%    4096     0.8160     0.7770     0.8854     0.9918    200989.6
     2,960,548   50.53%    4096     0.8050     0.7534     0.8789     0.9868    201289.6
     2,964,962   50.60%    4096     0.8050     0.7596     0.8776     0.9870    201589.6
     2,969,377   50.68%    4096     0.8075     0.7573     0.8817     0.9868    201889.7
     2,973,791   50.75%    4096     0.8110     0.7645     0.8822     0.9874    202189.7
     2,978,206   50.83%    4096     0.8090     0.7738     0.8857     0.9871    202489.7
     2,982,621   50.90%    4096     0.8150     0.7693     0.8859     0.9874    202789.8
     2,987,035   50.98%    4096     0.8050     0.7988     0.8907     0.9918    203089.8
     2,988,243   51.00%    4096     0.8100     0.7778     0.8833     0.9870    203172.1
     2,992,657   51.07%    4096     0.8115     0.7757     0.8823     0.9918    203472.1
     2,997,071   51.15%    4096     0.8155     0.7676     0.8860     0.9917    203772.1
     3,001,486   51.23%    4096     0.8115     0.7856     0.8848     0.9876    204072.1
     3,005,900   51.30%    4096     0.8100     0.7630     0.8815     0.9916    204372.2
     3,010,314   51.38%    4096     0.8105     0.7643     0.8871     0.9872    204672.2
     3,014,729   51.45%    4096     0.7965     0.7728     0.8776     0.9864    204972.2
     3,019,143   51.53%    4096     0.8070     0.7794     0.8823     0.9871    205272.3
     3,023,557   51.60%    4096     0.8130     0.7737     0.8844     0.9877    205572.3
     3,027,971   51.68%    4096     0.8075     0.7765     0.8879     0.9915    205872.3
     3,032,386   51.75%    4096     0.8120     0.7709     0.8892     0.9874    206172.3
     3,036,800   51.83%    4096     0.8085     0.7774     0.8844     0.9870    206472.4
     3,041,215   51.90%    4096     0.8135     0.7806     0.8875     0.9835    206772.4
     3,045,629   51.98%    4096     0.8060     0.7655     0.8828     0.9912    207072.4
     3,046,836   52.00%    4096     0.8105     0.7674     0.8859     0.9917    207154.6
     3,051,250   52.07%    4096     0.8105     0.7829     0.8853     0.9917    207454.6
     3,055,665   52.15%    4096     0.8055     0.7666     0.8845     0.9875    207754.7
     3,060,080   52.23%    4096     0.8075     0.7610     0.8817     0.9916    208054.7
     3,064,494   52.30%    4096     0.8120     0.7931     0.8849     0.9917    208354.8
     3,068,909   52.38%    4096     0.8100     0.7673     0.8821     0.9915    208654.8
     3,073,323   52.45%    4096     0.8095     0.7857     0.8863     0.9874    208954.8
     3,077,737   52.53%    4096     0.8105     0.7730     0.8834     0.9876    209254.8
     3,082,151   52.60%    4096     0.8095     0.7671     0.8845     0.9872    209554.9
     3,086,566   52.68%    4096     0.8075     0.7759     0.8854     0.9874    209854.9
     3,090,981   52.75%    4096     0.8100     0.7790     0.8802     0.9877    210155.0
     3,095,396   52.83%    4096     0.8040     0.7705     0.8899     0.9955    210455.0
     3,099,811   52.90%    4096     0.8125     0.7588     0.8825     0.9917    210755.1
     3,104,225   52.98%    4096     0.8085     0.7706     0.8825     0.9913    211055.1
     3,105,429   53.00%    4096     0.8050     0.7714     0.8801     0.9869    211137.1
     3,109,843   53.07%    4096     0.8120     0.7617     0.8812     0.9873    211437.1
     3,114,257   53.15%    4096     0.8085     0.7737     0.8881     0.9871    211737.2
     3,118,671   53.23%    4096     0.8110     0.7670     0.8816     0.9918    212037.2
     3,123,086   53.30%    4096     0.8130     0.7804     0.8838     0.9917    212337.2
     3,127,500   53.38%    4096     0.8130     0.7786     0.8868     0.9959    212637.3
     3,131,915   53.45%    4096     0.8130     0.7718     0.8831     0.9873    212937.3
     3,136,330   53.53%    4096     0.8135     0.7812     0.8820     0.9877    213237.4
     3,140,744   53.60%    4096     0.8035     0.7822     0.8917     0.9869    213537.4
     3,145,159   53.68%    4096     0.8110     0.7756     0.8835     0.9874    213837.4
     3,149,574   53.75%    4096     0.8140     0.7654     0.8802     0.9917    214137.4
     3,153,988   53.83%    4096     0.8090     0.7713     0.8801     0.9873    214437.5
     3,158,402   53.90%    4096     0.8070     0.7695     0.8841     0.9873    214737.5
     3,162,817   53.98%    4096     0.8050     0.7745     0.8826     0.9913    215037.6
     3,164,022   54.00%    4096     0.7920     0.7727     0.8819     0.9908    215119.7
     3,168,436   54.07%    4096     0.7990     0.7772     0.8842     0.9865    215419.7
     3,172,851   54.15%    4096     0.8090     0.7824     0.8869     0.9915    215719.7
     3,177,265   54.23%    4096     0.8050     0.7783     0.8820     0.9915    216019.8
     3,181,679   54.30%    4096     0.8145     0.7753     0.8815     0.9917    216319.8
     3,186,093   54.38%    4096     0.8010     0.7665     0.8889     0.9955    216619.8
     3,190,508   54.45%    4096     0.8035     0.7666     0.8880     0.9912    216919.9
     3,194,922   54.53%    4096     0.8060     0.7841     0.8828     0.9916    217219.9
     3,199,337   54.60%    4096     0.8030     0.7646     0.8854     0.9867    217520.0
     3,203,752   54.68%    4096     0.8070     0.7918     0.8854     0.9831    217820.0
     3,208,167   54.75%    4096     0.8085     0.7737     0.8881     0.9913    218120.0
     3,212,581   54.83%    4096     0.8055     0.7772     0.8870     0.9912    218420.1
     3,216,995   54.90%    4096     0.8100     0.7864     0.8877     0.9917    218720.1
     3,221,409   54.98%    4096     0.8040     0.7811     0.8868     0.9957    219020.2
     3,222,615   55.00%    4096     0.8090     0.7645     0.8801     0.9871    219102.3
     3,227,029   55.07%    4096     0.8090     0.7596     0.8770     0.9915    219402.4
     3,231,444   55.15%    4096     0.8110     0.7719     0.8878     0.9872    219702.4
     3,235,858   55.23%    4096     0.8115     0.7708     0.8817     0.9916    220002.4
     3,240,273   55.30%    4096     0.8165     0.7704     0.8812     0.9880    220302.5
     3,244,687   55.38%    4096     0.8050     0.7851     0.8839     0.9872    220602.5
     3,249,102   55.45%    4096     0.8085     0.7662     0.8844     0.9824    220902.5
     3,253,517   55.53%    4096     0.8035     0.7772     0.8830     0.9828    221202.6
     3,257,931   55.60%    4096     0.8095     0.7789     0.8839     0.9916    221502.6
     3,262,346   55.68%    4096     0.8080     0.7921     0.8837     0.9916    221802.7
     3,266,761   55.75%    4096     0.8040     0.7736     0.8812     0.9913    222102.8
     3,271,175   55.83%    4096     0.8095     0.7746     0.8931     0.9916    222402.8
     3,275,589   55.90%    4096     0.8095     0.7838     0.8882     0.9916    222702.8
     3,280,003   55.98%    4096     0.8050     0.7714     0.8801     0.9871    223002.8
     3,281,208   56.00%    4096     0.8030     0.7852     0.8829     0.9914    223084.8
     3,285,623   56.07%    4096     0.8015     0.7729     0.8808     0.9827    223384.9
     3,290,037   56.15%    4096     0.8075     0.7796     0.8892     0.9916    223684.9
     3,294,451   56.23%    4096     0.8080     0.7710     0.8874     0.9913    223984.9
     3,298,864   56.30%    4096     0.8065     0.7737     0.8853     0.9867    224284.9
     3,303,278   56.38%    4096     0.8115     0.7726     0.8786     0.9919    224585.0
     3,307,692   56.45%    4096     0.8105     0.7791     0.8865     0.9917    224885.0
     3,312,106   56.53%    4096     0.8055     0.7759     0.8914     0.9913    225185.0
     3,316,520   56.60%    4096     0.8000     0.7606     0.8775     0.9912    225485.0
     3,320,933   56.68%    4096     0.7975     0.7567     0.8809     0.9865    225785.0
     3,325,347   56.75%    4096     0.8055     0.7741     0.8864     0.9870    226085.0
     3,329,762   56.83%    4096     0.8045     0.7626     0.8863     0.9913    226385.1
     3,334,176   56.90%    4096     0.8015     0.7767     0.8852     0.9864    226685.1
     3,338,590   56.98%    4096     0.8045     0.7663     0.8819     0.9826    226985.1
     3,339,801   57.00%    4096     0.8140     0.7838     0.8851     0.9917    227067.6
     3,344,215   57.07%    4096     0.8150     0.7853     0.8859     0.9917    227367.6
     3,348,630   57.15%    4096     0.8050     0.7845     0.8901     0.9915    227667.7
     3,353,044   57.23%    4096     0.8100     0.7827     0.8802     0.9874    227967.7
     3,357,459   57.30%    4096     0.8050     0.7870     0.8814     0.9869    228267.8
     3,361,874   57.38%    4096     0.8085     0.7866     0.8887     0.9833    228567.8
     3,366,289   57.45%    4096     0.8120     0.7906     0.8904     0.9917    228867.9
     3,370,703   57.53%    4096     0.8105     0.7903     0.8896     0.9916    229167.9
     3,375,119   57.60%    4096     0.8125     0.7760     0.8868     0.9918    229468.0
     3,379,533   57.68%    4096     0.8060     0.7742     0.8846     0.9871    229768.0
     3,383,947   57.75%    4096     0.8115     0.7868     0.8829     0.9919    230068.0
     3,388,362   57.83%    4096     0.8085     0.7897     0.8831     0.9917    230368.1
     3,392,777   57.90%    4096     0.8105     0.7625     0.8877     0.9917    230668.2
     3,397,191   57.98%    4096     0.8130     0.7620     0.8838     0.9874    230968.2
     3,398,394   58.00%    4096     0.8060     0.7754     0.8834     0.9831    231050.1
     3,402,807   58.07%    4096     0.8110     0.7768     0.8853     0.9874    231350.1
     3,407,222   58.15%    4096     0.8030     0.7702     0.8804     0.9913    231650.2
     3,411,637   58.23%    4096     0.8120     0.7746     0.8867     0.9917    231950.3
     3,416,051   58.30%    4096     0.8115     0.7825     0.8891     0.9875    232250.3
     3,420,465   58.38%    4096     0.8150     0.7810     0.8871     0.9918    232550.3
     3,424,879   58.45%    4096     0.8085     0.7687     0.8825     0.9914    232850.3
     3,429,294   58.53%    4096     0.8035     0.7878     0.8992     0.9914    233150.4
     3,433,708   58.60%    4096     0.8100     0.7660     0.8840     0.9916    233450.4
     3,438,104   58.68%    4096     0.8110     0.7768     0.8829     0.9871    233750.5
     3,442,488   58.75%    4096     0.8085     0.7805     0.8819     0.9874    234050.5
     3,446,874   58.83%    4096     0.8100     0.7833     0.8802     0.9874    234350.5
     3,451,276   58.90%    4096     0.8115     0.7726     0.8854     0.9915    234650.6
     3,455,681   58.98%    4096     0.8105     0.7767     0.8840     0.9913    234950.6
     3,456,987   59.00%    4096     0.8050     0.7689     0.8857     0.9868    235039.8
     3,461,389   59.07%    4096     0.8140     0.7813     0.8857     0.9874    235339.8
     3,465,798   59.15%    4096     0.8135     0.7757     0.8869     0.9917    235639.8
     3,470,191   59.22%    4096     0.8070     0.7788     0.8792     0.9915    235939.9
     3,474,565   59.30%    4096     0.8115     0.7794     0.8817     0.9874    236239.9
     3,478,918   59.37%    4096     0.8080     0.7803     0.8824     0.9873    236539.9
     3,483,316   59.45%    4096     0.8045     0.7794     0.8838     0.9914    236839.9
     3,487,728   59.52%    4096     0.8105     0.7859     0.8890     0.9916    237140.0
     3,492,113   59.60%    4096     0.8110     0.7805     0.8866     0.9877    237440.1
     3,496,476   59.67%    4096     0.8090     0.7837     0.8838     0.9871    237740.1
     3,500,847   59.75%    4096     0.8025     0.7769     0.8804     0.9912    238040.1
     3,505,251   59.82%    4096     0.8095     0.7721     0.8845     0.9916    238340.1
     3,509,665   59.90%    4096     0.8115     0.7702     0.8799     0.9880    238640.2
     3,514,079   59.97%    4096     0.8100     0.7716     0.8784     0.9872    238940.2
     3,515,580   60.00%    4096     0.8070     0.7732     0.8848     0.9872    239042.4
     3,519,970   60.07%    4096     0.8100     0.7827     0.8846     0.9918    239342.5
     3,524,340   60.15%    4096     0.8075     0.7560     0.8817     0.9914    239642.5
     3,528,720   60.22%    4096     0.8120     0.7709     0.8818     0.9873    239942.5
     3,533,111   60.30%    4096     0.8070     0.7664     0.8792     0.9873    240242.5
     3,537,502   60.37%    4096     0.8090     0.7744     0.8857     0.9918    240542.5
     3,541,859   60.45%    4096     0.8110     0.7577     0.8810     0.9873    240842.5
     3,546,248   60.52%    4096     0.8165     0.7771     0.8836     0.9919    241142.6
     3,550,650   60.60%    4096     0.8080     0.7840     0.8806     0.9873    241442.6
     3,555,047   60.67%    4096     0.8100     0.7722     0.8821     0.9875    241742.7
     3,559,440   60.75%    4096     0.8110     0.7719     0.8853     0.9873    242042.7
     3,563,833   60.82%    4096     0.8080     0.7797     0.8824     0.9957    242342.8
     3,568,208   60.90%    4096     0.8075     0.7721     0.8836     0.9873    242642.8
     3,572,589   60.97%    4096     0.8110     0.7756     0.8822     0.9874    242942.8
     3,574,173   61.00%    4096     0.8110     0.7633     0.8816     0.9916    243050.5
     3,578,587   61.07%    4096     0.8090     0.7787     0.8844     0.9917    243350.5
     3,582,998   61.15%    4096     0.8065     0.7743     0.8841     0.9916    243650.6
     3,587,402   61.22%    4096     0.8085     0.7848     0.8868     0.9916    243950.6
     3,591,819   61.30%    4096     0.8120     0.7679     0.8861     0.9916    244250.7
     3,596,237   61.38%    4096     0.8050     0.7832     0.8820     0.9871    244550.8
     3,600,641   61.45%    4096     0.8090     0.7713     0.8863     0.9915    244850.8
     3,605,053   61.53%    4096     0.8075     0.7771     0.8842     0.9913    245150.8
     3,609,453   61.60%    4096     0.8135     0.7714     0.8838     0.9917    245450.8
     3,613,845   61.68%    4096     0.8085     0.7743     0.8831     0.9913    245750.9
     3,618,235   61.75%    4096     0.8040     0.7637     0.8787     0.9913    246050.9
     3,622,623   61.83%    4096     0.8085     0.7693     0.8837     0.9871    246351.0
     3,627,012   61.90%    4096     0.8070     0.7701     0.8810     0.9872    246651.0
     3,631,407   61.98%    4096     0.8065     0.7787     0.8834     0.9870    246951.0
     3,632,766   62.00%    4096     0.8080     0.7766     0.8818     0.9874    247044.1
     3,637,170   62.07%    4096     0.8180     0.7683     0.8839     0.9878    247344.1
     3,641,574   62.15%    4096     0.8065     0.7849     0.8803     0.9913    247644.1
     3,645,986   62.22%    4096     0.8090     0.7583     0.8801     0.9916    247944.1
     3,650,394   62.30%    4096     0.8140     0.7635     0.8796     0.9879    248244.2
     3,654,784   62.37%    4096     0.8085     0.7780     0.8837     0.9957    248544.2
     3,659,185   62.45%    4096     0.8100     0.7790     0.8877     0.9916    248844.2
     3,663,577   62.53%    4096     0.8120     0.7605     0.8818     0.9828    249144.2
     3,667,979   62.60%    4096     0.8045     0.7613     0.8800     0.9913    249444.2
     3,672,383   62.68%    4096     0.8100     0.7765     0.8895     0.9957    249744.3
     3,676,770   62.75%    4096     0.8090     0.7781     0.8820     0.9873    250044.3
     3,681,136   62.82%    4096     0.8115     0.7807     0.8879     0.9872    250344.3
     3,685,512   62.90%    4096     0.8065     0.7855     0.8828     0.9868    250644.4
     3,689,872   62.97%    4096     0.8080     0.7679     0.8868     0.9829    250944.4
     3,691,359   63.00%    4096     0.8050     0.7789     0.8789     0.9915    251047.2
     3,695,742   63.07%    4096     0.8090     0.7750     0.8789     0.9915    251347.2
     3,700,137   63.15%    4096     0.8060     0.7841     0.8852     0.9913    251647.2
     3,704,527   63.22%    4096     0.8110     0.7719     0.8829     0.9917    251947.3
     3,708,938   63.30%    4096     0.8105     0.7705     0.8896     0.9870    252247.3
     3,713,345   63.37%    4096     0.8100     0.7846     0.8883     0.9915    252547.4
     3,717,746   63.45%    4096     0.8035     0.7722     0.8830     0.9870    252847.4
     3,722,149   63.52%    4096     0.8155     0.7854     0.8860     0.9917    253147.4
     3,726,546   63.60%    4096     0.8060     0.7761     0.8883     0.9913    253447.5
     3,730,924   63.67%    4096     0.8110     0.7700     0.8829     0.9916    253747.5
     3,735,270   63.75%    4096     0.8130     0.7589     0.8850     0.9835    254047.6
     3,739,652   63.82%    4096     0.8080     0.7618     0.8837     0.9868    254347.6
     3,744,035   63.90%    4096     0.8075     0.7895     0.8836     0.9914    254647.6
     3,748,428   63.97%    4096     0.8110     0.7805     0.8841     0.9830    254947.6
     3,749,952   64.00%    4096     0.8120     0.7648     0.8842     0.9914    255051.3
     3,754,342   64.07%    4096     0.8100     0.7790     0.8901     0.9873    255351.3
     3,758,719   64.15%    4096     0.8070     0.7794     0.8866     0.9915    255651.4
     3,763,107   64.22%    4096     0.8060     0.7761     0.8821     0.9915    255951.4
     3,767,507   64.30%    4096     0.8020     0.7899     0.8865     0.9870    256251.4
     3,771,902   64.37%    4096     0.8065     0.7781     0.8834     0.9869    256551.5
     3,776,299   64.45%    4096     0.8140     0.7740     0.8845     0.9877    256851.5
     3,780,684   64.52%    4096     0.8100     0.7654     0.8840     0.9872    257151.6
     3,785,067   64.60%    4096     0.8095     0.7752     0.8901     0.9913    257451.6
     3,789,467   64.67%    4096     0.8105     0.7748     0.8822     0.9958    257751.6
     3,793,851   64.75%    4096     0.8165     0.7771     0.8836     0.9917    258051.6
     3,798,213   64.82%    4096     0.8025     0.7645     0.8791     0.9870    258351.7
     3,802,616   64.90%    4096     0.8060     0.7798     0.8821     0.9914    258651.7
     3,807,032   64.97%    4096     0.8125     0.7748     0.8818     0.9915    258951.8
     3,808,545   65.00%    4096     0.8090     0.7806     0.8881     0.9913    259055.2
     3,812,900   65.07%    4096     0.8105     0.7699     0.8865     0.9871    259355.2
     3,817,247   65.15%    4096     0.8120     0.7826     0.8867     0.9917    259655.3
     3,821,604   65.22%    4096     0.8115     0.7726     0.8903     0.9916    259955.3
     3,825,973   65.30%    4096     0.8140     0.7641     0.8814     0.9918    260255.4
     3,830,356   65.37%    4096     0.8040     0.7805     0.8887     0.9868    260555.3
     3,834,739   65.45%    4096     0.8090     0.7670     0.8832     0.9916    260855.3
     3,839,103   65.52%    4096     0.8130     0.7743     0.8831     0.9878    261155.4
     3,843,478   65.60%    4096     0.8080     0.7766     0.8880     0.9914    261455.4
     3,847,879   65.67%    4096     0.8095     0.7752     0.8814     0.9874    261755.4
     3,852,286   65.75%    4096     0.8050     0.7826     0.8851     0.9872    262055.5
     3,856,693   65.82%    4096     0.8105     0.7748     0.8853     0.9914    262355.5
     3,861,101   65.90%    4096     0.8105     0.7847     0.8859     0.9915    262655.5
     3,865,508   65.97%    4096     0.8090     0.7670     0.8850     0.9870    262955.5
     3,867,138   66.00%    4096     0.8100     0.7685     0.8772     0.9873    263066.6
     3,871,546   66.07%    4096     0.8125     0.7735     0.8886     0.9871    263366.7
     3,875,954   66.15%    4096     0.8125     0.7828     0.8837     0.9874    263666.7
     3,880,362   66.22%    4096     0.8120     0.7654     0.8842     0.9916    263966.8
     3,884,770   66.30%    4096     0.8085     0.7625     0.8813     0.9910    264266.8
     3,889,178   66.38%    4096     0.8075     0.7752     0.8836     0.9915    264566.9
     3,893,586   66.45%    4096     0.8065     0.7595     0.8828     0.9824    264866.9
     3,897,994   66.53%    4096     0.8160     0.7616     0.8842     0.9918    265166.9
     3,902,402   66.60%    4096     0.8080     0.7822     0.8824     0.9873    265467.0
     3,906,810   66.68%    4096     0.8165     0.7814     0.8867     0.9916    265767.0
     3,911,218   66.75%    4096     0.8090     0.7596     0.8807     0.9831    266067.0
     3,915,626   66.83%    4096     0.8135     0.7763     0.8888     0.9917    266367.1
     3,920,034   66.90%    4096     0.8125     0.7686     0.8911     0.9912    266667.1
     3,924,442   66.98%    4096     0.8120     0.7592     0.8885     0.9871    266967.2
     3,925,731   67.00%    4096     0.8110     0.7836     0.8915     0.9914    267055.1
     3,930,139   67.07%    4096     0.8090     0.7614     0.8832     0.9826    267355.2
     3,934,547   67.15%    4096     0.8140     0.7789     0.8864     0.9916    267655.2
     3,938,955   67.22%    4096     0.8090     0.7614     0.8795     0.9871    267955.2
     3,943,363   67.30%    4096     0.8210     0.7753     0.8861     0.9920    268255.3
     3,947,771   67.38%    4096     0.8150     0.7687     0.8890     0.9875    268555.3
     3,952,179   67.45%    4096     0.8125     0.7742     0.8794     0.9917    268855.4
     3,956,587   67.53%    4096     0.8175     0.7798     0.8899     0.9877    269155.4
     3,960,995   67.60%    4096     0.8105     0.7754     0.8822     0.9916    269455.5
     3,965,403   67.68%    4096     0.8160     0.7757     0.8873     0.9918    269755.5
     3,969,811   67.75%    4096     0.8070     0.7745     0.8866     0.9868    270055.5
     3,974,219   67.83%    4096     0.8190     0.7759     0.8846     0.9919    270355.6
     3,978,626   67.90%    4096     0.8145     0.7753     0.8870     0.9876    270655.6
     3,983,034   67.98%    4096     0.8185     0.7801     0.8888     0.9877    270955.6
     3,984,324   68.00%    4096     0.8155     0.7731     0.8841     0.9871    271043.6
     3,988,732   68.07%    4096     0.8120     0.7777     0.8873     0.9915    271343.7
     3,993,140   68.15%    4096     0.8190     0.7778     0.8919     0.9920    271643.7
     3,997,548   68.22%    4096     0.8155     0.7750     0.8823     0.9875    271943.7
     4,001,956   68.30%    4096     0.8115     0.7794     0.8848     0.9871    272243.8
     4,006,364   68.38%    4096     0.8145     0.7649     0.8821     0.9873    272543.8
     4,010,772   68.45%    4096     0.8125     0.7822     0.8855     0.9916    272843.9
     4,015,180   68.53%    4096     0.8075     0.7647     0.8824     0.9874    273143.9
     4,019,588   68.60%    4096     0.8185     0.7666     0.8815     0.9835    273444.0
     4,023,996   68.68%    4096     0.8185     0.7746     0.8833     0.9880    273744.0
     4,028,405   68.75%    4096     0.8140     0.7789     0.8870     0.9876    274044.1
     4,032,813   68.83%    4096     0.8250     0.7758     0.8824     0.9880    274344.2
     4,037,221   68.90%    4096     0.8140     0.7752     0.8833     0.9872    274644.2
     4,041,629   68.98%    4096     0.8085     0.7761     0.8893     0.9913    274944.2
     4,042,917   69.00%    4096     0.8100     0.7790     0.8815     0.9872    275032.1
     4,047,325   69.07%    4096     0.8160     0.7727     0.8885     0.9918    275332.1
     4,051,733   69.15%    4096     0.8135     0.7714     0.8894     0.9830    275632.2
     4,056,141   69.22%    4096     0.8115     0.7911     0.8848     0.9832    275932.2
     4,060,549   69.30%    4096     0.8145     0.7796     0.8877     0.9917    276232.2
     4,064,957   69.38%    4096     0.8175     0.7823     0.8856     0.9874    276532.3
     4,069,364   69.45%    4096     0.8150     0.7816     0.8877     0.9917    276832.3
     4,073,771   69.53%    4096     0.8155     0.7750     0.8853     0.9831    277132.3
     4,078,179   69.60%    4096     0.8175     0.7872     0.8875     0.9920    277432.4
     4,082,587   69.68%    4096     0.8145     0.7876     0.8840     0.9916    277732.4
     4,086,995   69.75%    4096     0.8175     0.7780     0.8832     0.9918    278032.4
     4,091,403   69.83%    4096     0.8140     0.7690     0.8821     0.9876    278332.5
     4,095,811   69.90%    4096     0.8230     0.7740     0.8876     0.9877    278632.6
     4,100,219   69.98%    4096     0.8155     0.7707     0.8853     0.9876    278932.6
     4,101,510   70.00%    4096     0.8115     0.7720     0.8860     0.9875    279020.6
     4,105,918   70.07%    4096     0.8110     0.7811     0.8853     0.9914    279320.7
     4,110,326   70.15%    4096     0.8210     0.7728     0.8806     0.9921    279620.7
     4,114,734   70.22%    4096     0.8120     0.7796     0.8805     0.9916    279920.8
     4,119,142   70.30%    4096     0.8140     0.7887     0.8870     0.9833    280220.8
     4,123,550   70.38%    4096     0.8150     0.7779     0.8859     0.9915    280520.9
     4,127,958   70.45%    4096     0.8140     0.7813     0.8870     0.9913    280820.9
     4,132,366   70.53%    4096     0.8170     0.7791     0.8800     0.9877    281121.0
     4,136,774   70.60%    4096     0.8110     0.7904     0.8909     0.9918    281421.0
     4,141,182   70.68%    4096     0.8180     0.7806     0.8851     0.9919    281721.1
     4,145,590   70.75%    4096     0.8170     0.7846     0.8874     0.9919    282021.1
     4,149,998   70.83%    4096     0.8130     0.7829     0.8887     0.9830    282321.1
     4,154,406   70.90%    4096     0.8130     0.7891     0.8893     0.9874    282621.1
     4,158,814   70.98%    4096     0.8155     0.7768     0.8811     0.9880    282921.2
     4,160,103   71.00%    4096     0.8075     0.7697     0.8817     0.9872    283009.1
     4,164,511   71.07%    4096     0.8140     0.7684     0.8894     0.9913    283309.1
     4,168,919   71.15%    4096     0.8160     0.7880     0.8836     0.9917    283609.2
     4,173,326   71.22%    4096     0.8130     0.7804     0.8868     0.9873    283909.2
     4,177,734   71.30%    4096     0.8145     0.7766     0.8870     0.9916    284209.2
     4,182,142   71.38%    4096     0.8145     0.7894     0.8895     0.9918    284509.3
     4,186,550   71.45%    4096     0.8160     0.7757     0.8848     0.9917    284809.3
     4,190,958   71.53%    4096     0.8195     0.7871     0.8865     0.9837    285109.4
     4,195,366   71.60%    4096     0.8200     0.7902     0.8835     0.9921    285409.4
     4,199,774   71.68%    4096     0.8185     0.7752     0.8870     0.9877    285709.4
     4,204,183   71.75%    4096     0.8140     0.7844     0.8882     0.9833    286009.5
     4,208,591   71.83%    4096     0.8145     0.7796     0.8889     0.9917    286309.5
     4,212,999   71.90%    4096     0.8110     0.7731     0.8872     0.9873    286609.6
     4,217,403   71.98%    4096     0.8075     0.7808     0.8854     0.9872    286909.6
     4,218,696   72.00%    4096     0.8140     0.7832     0.8845     0.9876    286997.8
     4,223,104   72.07%    4096     0.8155     0.7811     0.8903     0.9917    287297.9
     4,227,512   72.15%    4096     0.8170     0.7791     0.8868     0.9920    287597.9
     4,231,920   72.22%    4096     0.8140     0.7844     0.8876     0.9830    287897.9
     4,236,328   72.30%    4096     0.8170     0.7717     0.8831     0.9835    288198.0
     4,240,735   72.38%    4096     0.8155     0.7799     0.8823     0.9876    288498.0
     4,245,143   72.45%    4096     0.8165     0.7936     0.8873     0.9918    288798.1
     4,249,551   72.53%    4096     0.8150     0.7859     0.8859     0.9917    289098.1
     4,253,959   72.60%    4096     0.8150     0.7853     0.8853     0.9878    289398.2
     4,258,367   72.68%    4096     0.8130     0.7749     0.8893     0.9917    289698.2
     4,262,775   72.75%    4096     0.8180     0.7744     0.8851     0.9878    289998.2
     4,267,183   72.83%    4096     0.8120     0.7845     0.8861     0.9831    290298.3
     4,271,591   72.90%    4096     0.8145     0.7870     0.8858     0.9918    290598.3
     4,275,999   72.98%    4096     0.8160     0.7960     0.8866     0.9921    290898.4
     4,277,289   73.00%    4096     0.8165     0.7820     0.8824     0.9918    290986.4
     4,281,696   73.07%    4096     0.8110     0.7811     0.8884     0.9916    291286.4
     4,286,103   73.15%    4096     0.8215     0.7809     0.8886     0.9920    291586.4
     4,290,511   73.22%    4096     0.8110     0.7861     0.8878     0.9833    291886.5
     4,294,919   73.30%    4096     0.8135     0.7830     0.8851     0.9874    292186.5
     4,299,327   73.38%    4096     0.8120     0.7765     0.8855     0.9916    292486.6
     4,303,735   73.45%    4096     0.8155     0.7897     0.8835     0.9876    292786.6
     4,308,143   73.53%    4096     0.8175     0.7878     0.8856     0.9876    293086.7
     4,312,551   73.60%    4096     0.8135     0.7750     0.8869     0.9871    293386.7
     4,316,959   73.68%    4096     0.8190     0.7839     0.8895     0.9877    293686.7
     4,321,367   73.75%    4096     0.8090     0.7769     0.8850     0.9916    293986.8
     4,325,775   73.83%    4096     0.8140     0.7813     0.8851     0.9916    294286.8
     4,330,183   73.90%    4096     0.8115     0.7659     0.8823     0.9917    294586.9
     4,334,591   73.98%    4096     0.8185     0.7746     0.8882     0.9876    294886.9
     4,335,882   74.00%    4096     0.8160     0.7757     0.8848     0.9918    294975.0
     4,340,290   74.07%    4096     0.8145     0.7692     0.8858     0.9919    295275.0
     4,344,698   74.15%    4096     0.8155     0.7787     0.8835     0.9879    295575.1
     4,349,106   74.22%    4096     0.8140     0.7961     0.8870     0.9879    295875.1
     4,353,514   74.30%    4096     0.8105     0.7952     0.8859     0.9876    296175.2
     4,357,922   74.38%    4096     0.8155     0.7682     0.8835     0.9879    296475.2
     4,362,330   74.45%    4096     0.8160     0.7782     0.8848     0.9918    296775.2
     4,366,738   74.53%    4096     0.8120     0.7765     0.8818     0.9873    297075.3
     4,371,146   74.60%    4096     0.8160     0.7837     0.8866     0.9877    297375.3
     4,375,554   74.68%    4096     0.8185     0.7874     0.8852     0.9921    297675.4
     4,379,962   74.75%    4096     0.8145     0.7802     0.8864     0.9918    297975.4
     4,384,370   74.83%    4096     0.8130     0.7792     0.8868     0.9873    298275.5
     4,388,778   74.90%    4096     0.8120     0.7783     0.8842     0.9877    298575.5
     4,393,185   74.98%    4096     0.8140     0.7819     0.8857     0.9877    298875.5
     4,394,475   75.00%    4096     0.8195     0.7828     0.8859     0.9880    298963.5
     4,398,883   75.07%    4096     0.8110     0.7787     0.8779     0.9875    299263.5
     4,403,291   75.15%    4096     0.8130     0.7804     0.8838     0.9917    299563.6
     4,407,699   75.22%    4096     0.8130     0.7878     0.8844     0.9917    299863.6
     4,412,106   75.30%    4096     0.8190     0.7863     0.8834     0.9919    300163.7
     4,416,514   75.38%    4096     0.8175     0.7878     0.8881     0.9874    300463.7
     4,420,922   75.45%    4096     0.8145     0.7851     0.8895     0.9876    300763.7
     4,425,330   75.53%    4096     0.8135     0.7806     0.8918     0.9917    301063.8
     4,429,738   75.60%    4096     0.8155     0.7793     0.8853     0.9917    301363.8
     4,434,146   75.68%    4096     0.8165     0.7808     0.8885     0.9918    301663.9
     4,438,554   75.75%    4096     0.8170     0.7766     0.8868     0.9918    301963.9
     4,442,962   75.83%    4096     0.8185     0.7807     0.8858     0.9918    302263.9
     4,447,370   75.90%    4096     0.8150     0.7847     0.8871     0.9917    302564.0
     4,451,778   75.98%    4096     0.8125     0.7914     0.8831     0.9917    302864.0
     4,453,068   76.00%    4096     0.8130     0.7841     0.8850     0.9874    302952.0
     4,457,476   76.07%    4096     0.8170     0.7882     0.8886     0.9877    303252.1
     4,461,884   76.15%    4096     0.8175     0.7859     0.8862     0.9919    303552.1
     4,466,292   76.22%    4096     0.8090     0.7880     0.8869     0.9916    303852.2
     4,470,700   76.30%    4096     0.8170     0.7852     0.8843     0.9918    304152.2
     4,475,108   76.38%    4096     0.8160     0.7727     0.8891     0.9918    304452.2
     4,479,516   76.45%    4096     0.8170     0.7809     0.8862     0.9878    304752.3
     4,483,923   76.53%    4096     0.8120     0.7913     0.8855     0.9918    305052.3
     4,488,331   76.60%    4096     0.8155     0.7836     0.8890     0.9916    305352.3
     4,492,739   76.68%    4096     0.8150     0.7859     0.8865     0.9918    305652.4
     4,497,147   76.75%    4096     0.8160     0.7721     0.8824     0.9917    305952.4
     4,501,555   76.83%    4096     0.8160     0.7776     0.8854     0.9877    306252.4
     4,505,963   76.90%    4096     0.8155     0.7719     0.8841     0.9877    306552.4
     4,510,371   76.98%    4096     0.8180     0.7824     0.8845     0.9877    306852.5
     4,511,661   77.00%    4096     0.8100     0.7840     0.8895     0.9916    306940.5
     4,516,068   77.07%    4096     0.8120     0.7765     0.8842     0.9915    307240.5
     4,520,476   77.15%    4096     0.8185     0.7844     0.8888     0.9878    307540.5
     4,524,884   77.22%    4096     0.8155     0.7762     0.8909     0.9916    307840.6
     4,529,292   77.30%    4096     0.8125     0.7902     0.8886     0.9872    308140.6
     4,533,700   77.38%    4096     0.8120     0.7820     0.8812     0.9876    308440.7
     4,538,108   77.45%    4096     0.8180     0.7812     0.8851     0.9878    308740.7
     4,542,516   77.53%    4096     0.8140     0.7795     0.8845     0.9874    309040.8
     4,546,924   77.60%    4096     0.8180     0.7824     0.8888     0.9919    309340.8
     4,551,332   77.68%    4096     0.8175     0.7804     0.8856     0.9918    309640.9
     4,555,741   77.75%    4096     0.8175     0.7817     0.8887     0.9876    309940.9
     4,560,149   77.83%    4096     0.8210     0.7814     0.8879     0.9919    310241.0
     4,564,557   77.90%    4096     0.8130     0.7823     0.8838     0.9918    310541.0
     4,568,965   77.98%    4096     0.8155     0.7719     0.8823     0.9919    310841.0
     4,570,254   78.00%    4096     0.8200     0.7774     0.8848     0.9880    310928.9
     4,574,662   78.07%    4096     0.8135     0.7775     0.8844     0.9832    311229.0
     4,579,070   78.15%    4096     0.8155     0.7713     0.8884     0.9835    311529.0
     4,583,478   78.22%    4096     0.8180     0.7793     0.8875     0.9918    311829.0
     4,587,886   78.30%    4096     0.8185     0.7801     0.8827     0.9879    312129.1
     4,592,294   78.38%    4096     0.8170     0.7803     0.8862     0.9876    312429.1
     4,596,702   78.45%    4096     0.8160     0.7763     0.8891     0.9918    312729.2
     4,601,110   78.53%    4096     0.8135     0.7787     0.8851     0.9875    313029.2
     4,605,518   78.60%    4096     0.8175     0.7774     0.8826     0.9918    313329.3
     4,609,926   78.68%    4096     0.8165     0.7759     0.8898     0.9837    313629.3
     4,614,333   78.75%    4096     0.8195     0.7840     0.8890     0.9919    313929.3
     4,618,741   78.83%    4096     0.8160     0.7825     0.8848     0.9877    314229.4
     4,623,148   78.90%    4096     0.8175     0.7780     0.8838     0.9917    314529.4
     4,627,556   78.98%    4096     0.8125     0.7809     0.8862     0.9830    314829.4
     4,628,847   79.00%    4096     0.8165     0.7722     0.8843     0.9877    314917.4
     4,633,255   79.07%    4096     0.8095     0.7776     0.8876     0.9873    315217.5
     4,637,662   79.15%    4096     0.8195     0.7828     0.8859     0.9838    315517.5
     4,642,069   79.22%    4096     0.8180     0.7800     0.8875     0.9919    315817.5
     4,646,477   79.30%    4096     0.8135     0.7996     0.8844     0.9918    316117.5
     4,650,885   79.38%    4096     0.8160     0.7788     0.8860     0.9874    316417.6
     4,655,293   79.45%    4096     0.8170     0.7901     0.8868     0.9919    316717.6
     4,659,701   79.53%    4096     0.8125     0.7834     0.8868     0.9874    317017.7
     4,664,109   79.60%    4096     0.8165     0.7838     0.8836     0.9917    317317.8
     4,668,516   79.68%    4096     0.8145     0.7790     0.8852     0.9834    317617.8
     4,672,924   79.75%    4096     0.8200     0.7811     0.8902     0.9877    317917.8
     4,677,332   79.83%    4096     0.8140     0.7770     0.8882     0.9874    318217.9
     4,681,740   79.90%    4096     0.8175     0.7896     0.8838     0.9879    318517.9
     4,686,148   79.98%    4096     0.8140     0.7783     0.8900     0.9916    318817.9
     4,687,440   80.00%    4096     0.8185     0.7795     0.8833     0.9920    318906.0
     4,691,848   80.07%    4096     0.8130     0.7663     0.8875     0.9872    319206.1
     4,696,256   80.15%    4096     0.8190     0.7778     0.8858     0.9836    319506.1
     4,700,664   80.22%    4096     0.8130     0.7909     0.8831     0.9919    319806.2
     4,705,062   80.30%    4096     0.8195     0.7767     0.8853     0.9919    320106.3
     4,709,400   80.37%    4096     0.8230     0.7910     0.8906     0.9880    320406.3
     4,713,769   80.45%    4096     0.8125     0.7698     0.8874     0.9874    320706.3
     4,718,130   80.52%    4096     0.8205     0.7824     0.8867     0.9920    321006.4
     4,722,509   80.60%    4096     0.8155     0.7707     0.8853     0.9835    321306.4
     4,726,860   80.67%    4096     0.8145     0.7845     0.8846     0.9917    321606.5
     4,731,190   80.75%    4096     0.8140     0.7746     0.8833     0.9873    321906.5
     4,735,575   80.82%    4096     0.8170     0.7821     0.8868     0.9916    322206.5
     4,739,888   80.89%    4096     0.8130     0.7841     0.8856     0.9873    322506.6
     4,744,173   80.97%    4096     0.8165     0.7851     0.8885     0.9919    322806.6
     4,746,033   81.00%    4096     0.8165     0.7795     0.8867     0.9917    322935.8
     4,750,391   81.07%    4096     0.8170     0.7858     0.8856     0.9839    323235.9
     4,754,756   81.15%    4096     0.8205     0.7849     0.8891     0.9879    323535.9
     4,759,162   81.22%    4096     0.8120     0.7771     0.8855     0.9916    323835.9
     4,763,566   81.30%    4096     0.8160     0.7800     0.8848     0.9959    324136.0
     4,767,888   81.37%    4096     0.8150     0.7859     0.8840     0.9918    324436.0
     4,772,298   81.45%    4096     0.8160     0.7782     0.8866     0.9878    324736.0
     4,776,709   81.52%    4096     0.8180     0.7726     0.8845     0.9919    325036.1
     4,781,121   81.60%    4096     0.8165     0.7826     0.8873     0.9918    325336.1
     4,785,521   81.67%    4096     0.8170     0.7791     0.8905     0.9876    325636.2
     4,789,904   81.75%    4096     0.8140     0.7783     0.8876     0.9873    325936.2
     4,794,300   81.82%    4096     0.8185     0.7838     0.8876     0.9837    326236.2
     4,798,723   81.90%    4096     0.8145     0.7753     0.8852     0.9877    326536.2
     4,803,155   81.97%    4096     0.8160     0.7837     0.8873     0.9917    326836.2
     4,804,626   82.00%    4096     0.8145     0.7790     0.8889     0.9873    326935.9
     4,809,058   82.07%    4096     0.8135     0.7738     0.8844     0.9916    327236.0
     4,813,491   82.15%    4096     0.8140     0.7758     0.8814     0.9874    327536.0
     4,817,923   82.23%    4096     0.8135     0.7769     0.8869     0.9833    327836.1
     4,822,343   82.30%    4096     0.8150     0.7853     0.8877     0.9878    328136.1
     4,826,694   82.38%    4096     0.8185     0.7813     0.8852     0.9878    328436.2
     4,831,075   82.45%    4096     0.8185     0.7825     0.8858     0.9877    328736.2
     4,835,479   82.53%    4096     0.8145     0.7766     0.8883     0.9917    329036.2
     4,839,855   82.60%    4096     0.8170     0.7699     0.8819     0.9834    329336.3
     4,844,235   82.67%    4096     0.8180     0.7781     0.8863     0.9877    329636.3
     4,848,615   82.75%    4096     0.8145     0.7833     0.8883     0.9916    329936.3
     4,853,019   82.82%    4096     0.8150     0.7755     0.8828     0.9876    330236.3
     4,857,437   82.90%    4096     0.8150     0.7798     0.8871     0.9876    330536.4
     4,861,851   82.98%    4096     0.8165     0.7808     0.8879     0.9874    330836.4
     4,863,219   83.00%    4096     0.8165     0.7814     0.8849     0.9878    330929.5
     4,867,635   83.07%    4096     0.8130     0.7817     0.8868     0.9875    331229.5
     4,872,043   83.15%    4096     0.8140     0.7862     0.8907     0.9875    331529.6
     4,876,431   83.22%    4096     0.8130     0.7847     0.8862     0.9878    331829.6
     4,880,815   83.30%    4096     0.8145     0.7808     0.8870     0.9873    332129.6
     4,885,222   83.37%    4096     0.8150     0.7828     0.8859     0.9876    332429.6
     4,889,639   83.45%    4096     0.8145     0.7778     0.8828     0.9878    332729.7
     4,894,057   83.53%    4096     0.8200     0.7884     0.8860     0.9836    333029.7
     4,898,475   83.60%    4096     0.8155     0.7774     0.8829     0.9919    333329.8
     4,902,882   83.68%    4096     0.8140     0.7832     0.8827     0.9833    333629.8
     4,907,298   83.75%    4096     0.8165     0.7844     0.8879     0.9917    333929.8
     4,911,701   83.83%    4096     0.8175     0.7829     0.8881     0.9918    334229.9
     4,916,107   83.90%    4096     0.8120     0.7814     0.8855     0.9916    334529.9
     4,920,491   83.98%    4096     0.8160     0.7757     0.8860     0.9916    334830.4
     4,921,812   84.00%    4096     0.8170     0.7907     0.8874     0.9879    334925.8
     4,925,803   84.07%    4096     0.8155     0.7787     0.8866     0.9877    335225.8
     4,930,093   84.14%    4096     0.8155     0.7811     0.8890     0.9874    335526.7
     4,934,383   84.21%    4096     0.8150     0.7785     0.8847     0.9874    335825.8
     4,938,701   84.29%    4096     0.8155     0.7805     0.8835     0.9916    336125.9
     4,943,022   84.36%    4096     0.8175     0.7798     0.8862     0.9918    336426.0
     4,947,350   84.43%    4096     0.8180     0.7787     0.8839     0.9838    336725.9
     4,951,674   84.51%    4096     0.8180     0.7861     0.8839     0.9874    337025.9
     4,955,982   84.58%    4096     0.8180     0.7830     0.8833     0.9960    337326.0
     4,960,213   84.65%    4096     0.8130     0.7860     0.8844     0.9873    337626.1
     4,964,533   84.73%    4096     0.8175     0.7774     0.8881     0.9837    337926.1
     4,968,867   84.80%    4096     0.8185     0.7813     0.8833     0.9879    338226.1
     4,973,190   84.88%    4096     0.8130     0.7718     0.8813     0.9874    338526.3
     4,977,510   84.95%    4096     0.8175     0.7780     0.8850     0.9876    338826.1
     4,980,405   85.00%    4096     0.8185     0.7880     0.8858     0.9920    339027.2
     4,984,700   85.07%    4096     0.8155     0.7830     0.8872     0.9877    339327.2
     4,988,981   85.15%    4096     0.8220     0.7725     0.8869     0.9919    339627.4
     4,993,020   85.21%    4096     0.8145     0.7815     0.8852     0.9873    339927.7
     4,996,951   85.28%    4096     0.8160     0.7806     0.8891     0.9916    340227.7
     5,001,136   85.35%    4096     0.8105     0.7767     0.8871     0.9872    340528.1
     5,005,441   85.43%    4096     0.8195     0.7797     0.8853     0.9919    340828.0
     5,009,667   85.50%    4096     0.8190     0.7802     0.8877     0.9877    341128.2
     5,013,509   85.56%    4096     0.8150     0.7706     0.8859     0.9833    341427.8
     5,017,464   85.63%    4096     0.8160     0.7831     0.8860     0.9918    341727.4
     5,021,700   85.70%    4096     0.8175     0.7865     0.8862     0.9876    342027.6
     5,025,875   85.77%    4096     0.8150     0.7791     0.8896     0.9916    342327.6
---------------------------------------------------------------------------------------

latest: step 5,025,875/5,859,375 (85.77%)  batch=4096  clean_acc=0.8150  PGD_ASR=0.8896  d_PGD_ASR=-0.1104  d_clean=-0.0635
        throughput ~60,135 presentations/sec (instantaneous est.)

(report written 2026-06-09 15:26:22)
